complaint_text,category,priority
the printer in the library has been broken for 5 days please look into this,Library,Medium
a classmate records me during lectures without my knowledge or permission please look into this,Harassment,Medium
the hostel common room has no working fans during summer no one has responded yet,Hostel,Medium
there are no vegetarian options available at the cafeteria this needs to be fixed,Cafeteria / Food,Medium
a student in my hostel is threatening me and the warden is not helping this needs to be fixed,Hostel,High
there has been no electricity in my hostel block for 2 days please help,Hostel,High
it would be helpful if the canteen showed the daily menu online please look into this,Cafeteria / Food,Low
a complaint or feedback option for transport would be useful please help,Transport,Low
i got locked out of my account and the reset email is not coming kindly resolve this,IT / Portal,High
a student collapsed in the hostel and there was no first aid available i need help with this,Hostel,High
hi the payment portal is showing my fees as unpaid even though i paid yesterday,IT / Portal,High
a student was attacked in the hostel corridor and security did nothing this needs to be fixed,Hostel,High
the deadline for document submission was not announced and i missed it i need help with this,Administration,Medium
the mid term results were never announced and exams are next week i need help with this,Academics / Faculty,Medium
someone is spreading false rumors about me in the department i need help with this,Harassment,Medium
urgent a teacher made inappropriate comments about my appearance in front of the class,Harassment,High
there should be more interaction in class instead of only lecture delivery kindly resolve this,Academics / Faculty,Low
the portal shows wrong grades for two of my subjects i need help with this,IT / Portal,Medium
there are not enough buses for students with late evening classes this needs to be fixed,Transport,Medium
the online journal access expired and we cant read research papers kindly resolve this,Library,Medium
office hour timings are not posted anywhere in the department it has been ignored for too long,Academics / Faculty,Low
hi the bus timings should be adjusted to match the late class schedules,Transport,Low
hi there should be a reminder system for book return deadlines,Library,Low
admin office is only open for 2 hours a day which is very inconvenient no one has responded yet,Administration,Medium
a digital display near the library entrance showing available books would help this needs to be fixed,Library,Low
attendance on the portal doesnt match what the teacher marked,IT / Portal,Medium
it would be helpful if we could track the status of submitted requests online kindly resolve this,Administration,Low
it would be helpful if the canteen showed the daily menu online,Cafeteria / Food,Low
hi the kitchen staff are not wearing gloves and touching food with bare hands,Cafeteria / Food,High
the payment portal is showing my fees as unpaid even though i paid yesterday no one has responded yet,IT / Portal,High
the mid term results were never announced and exams are next week it has been ignored for too long,Academics / Faculty,Medium
there should be a suggestion box at the cafeteria for feedback it has been ignored for too long,Cafeteria / Food,Low
my final result shows fail but i passed all my assessments it has been ignored for too long,Academics / Faculty,High
prices went up suddenly with no notice and no explanation please look into this,Cafeteria / Food,Medium
i need a bonafide letter urgently but the office says it will take 2 weeks kindly resolve this,Administration,Medium
i want to know what the university policy is if someone harasses a student please look into this,Harassment,Low
hi bus timings during exams were changed and students missed the paper,Transport,Medium
a student in my hostel is threatening me and the warden is not helping,Hostel,High
my visa documents were lost by the admin office and i may face deportation i need help with this,Administration,High
i was beaten by three students near the hostel and security did nothing please look into this,Harassment,High
i submitted my assignment but the portal shows it as missing no one has responded yet,IT / Portal,Medium
more charging points are needed in the library,Library,Low
hi i was beaten by three students near the hostel and security did nothing,Harassment,High
teacher hasnt returned our assignments for over a week please look into this,Academics / Faculty,Medium
the driver drives through red signals and students are scared to speak up no one has responded yet,Transport,High
found broken plastic in my rice from the main canteen,Cafeteria / Food,High
urgent a teacher shared the exam paper with some students before the test,Academics / Faculty,High
the food portions have gotten smaller but the prices are the same this needs to be fixed,Cafeteria / Food,Medium
the exam portal crashed during my online test and my answers were lost this needs to be fixed,IT / Portal,High
hi ac in the university bus has not worked for a week,Transport,Medium
the bus driver was on his phone the entire journey i need help with this,Transport,High
there should be a mobile app for the student portal please look into this,IT / Portal,Low
there should be a dedicated quiet study area in the hostel i need help with this,Hostel,Low
hi the font on the portal is too small and hard to read,IT / Portal,Low
cafeteria runs out of food by 1pm and many students are left with nothing please look into this,Cafeteria / Food,Medium
a complaint or feedback option for transport would be useful,Transport,Low
the admin office staff should be trained to be more helpful to students,Administration,Low
the bus should have a designated seat for students with disabilities please help,Transport,Low
there should be a clear list of required documents displayed at the office this needs to be fixed,Administration,Low
a teacher always singles me out and humiliates me in class no one has responded yet,Harassment,Medium
the hostel rules should be clearly posted somewhere visible it has been ignored for too long,Hostel,Low
it would be helpful if lectures were recorded for revision,Academics / Faculty,Low
the bus route was changed and we were not informed i need help with this,Transport,Medium
i keep being told to come back tomorrow every time i visit the office kindly resolve this,Administration,Medium
hi a digital display near the library entrance showing available books would help,Library,Low
not enough seats in the library during exam season no one has responded yet,Library,Medium
the cafeteria needs better lighting it is too dim inside,Cafeteria / Food,Low
hi the driver drives through red signals and students are scared to speak up,Transport,High
i cant upload my assignment the file size limit is too low please look into this,IT / Portal,Medium
it would help to have the cleaning schedule posted in the hostel kindly resolve this,Hostel,Low
the hostel common room needs better furniture please help,Hostel,Low
a senior student keeps pressuring me to do things i am not comfortable with no one has responded yet,Harassment,Medium
the hostel canteen closes too early and night students go hungry it has been ignored for too long,Hostel,Medium
hi i was suspended wrongly and the admin office is not responding to my emails,Administration,High
the food in the cafeteria smells rotten and students are still being served it it has been ignored for too long,Cafeteria / Food,High
someone sent me threatening messages saying they will hurt me if i report them no one has responded yet,Harassment,High
the bus route was changed and we were not informed kindly resolve this,Transport,Medium
the food being served is clearly expired the packaging dates were scratched off please help,Cafeteria / Food,High
my roommate in the hostel is constantly harassing me and the warden ignores it please look into this,Harassment,Medium
the library emergency exit is locked from the outside which is dangerous,Library,High
my account got hacked and someone changed my password i cant login i need help with this,IT / Portal,High
there are no vegetarian options available at the cafeteria i need help with this,Cafeteria / Food,Medium
the hostel guest sign in process takes too long it has been ignored for too long,Hostel,Low
the bus was so overcrowded a student fell and got injured no one has responded yet,Transport,High
the displayed bus schedule is outdated and confusing no one has responded yet,Transport,Low
the hostel rules should be clearly posted somewhere visible no one has responded yet,Hostel,Low
urgent a student was assaulted near the library entrance and security was absent,Library,High
there should be an anonymous way to report harassment on campus it has been ignored for too long,Harassment,Low
a female student was touched inappropriately by a staff member in the corridor it has been ignored for too long,Harassment,High
bus arrives 40 minutes late every single day please help,Transport,Medium
the bus has no working seatbelts and students are at risk i need help with this,Transport,High
the bus timings should be adjusted to match the late class schedules this needs to be fixed,Transport,Low
i cant update my phone number on the portal profile i need help with this,IT / Portal,Low
a senior student has been threatening me and i am scared to come to campus i need help with this,Harassment,High
not enough seats in the library during exam season i need help with this,Library,Medium
the book i need is always marked as available but i can never find it,Library,Medium
lecture slides are uploaded after the class not before which is not helpful kindly resolve this,Academics / Faculty,Medium
the notice board at the admin block is never updated i need help with this,Administration,Low
the driver was clearly not well and was driving in a dangerous manner please help,Transport,High
a digital display near the library entrance showing available books would help please help,Library,Low
it would be nice if the canteen had a quiet section for eating alone,Cafeteria / Food,Low
the cafeteria wifi is very weak and doesnt work inside i need help with this,Cafeteria / Food,Low
i want to know what the university policy is if someone harasses a student no one has responded yet,Harassment,Low
hostel wifi goes off every night and i cant study no one has responded yet,Hostel,Medium
hi the portal should show which assignments have been graded already,IT / Portal,Low
the canteen is very unhygienic tables are never wiped between customers it has been ignored for too long,Cafeteria / Food,Medium
teacher covers too much in one class and does not check if we understand,Academics / Faculty,Medium
a group of students physically pushed me near the parking area please look into this,Harassment,High
the syllabus was never shared at the start of the semester,Academics / Faculty,Medium
my final result shows fail but i passed all my assessments please look into this,Academics / Faculty,High
urgent a rat was seen running across the food counter in the cafeteria,Cafeteria / Food,High
the paint in the hostel rooms is very old and peeling it has been ignored for too long,Hostel,Low
i was marked as expelled by mistake and i have not been to any hearing please look into this,Administration,High
the library system deleted all my saved research and thesis deadline is tomorrow kindly resolve this,Library,High
urgent found broken plastic in my rice from the main canteen,Cafeteria / Food,High
a senior student keeps pressuring me to do things i am not comfortable with please look into this,Harassment,Medium
i need a bonafide letter urgently but the office says it will take 2 weeks i need help with this,Administration,Medium
hi a grab and go option would be useful for students between classes,Cafeteria / Food,Low
a classmate records me during lectures without my knowledge or permission this needs to be fixed,Harassment,Medium
the bus skips our stop sometimes without any explanation please help,Transport,Medium
urgent there was a small fire near the library electrical board and no one responded,Library,High
the admin office shared my personal information with someone outside the university this needs to be fixed,Administration,High
my fee payment is confirmed but the system still shows outstanding balance,Administration,Medium
students in the common room are very loud and disrespectful to others i need help with this,Harassment,Low
someone keeps leaving offensive notes on my desk anonymously it has been ignored for too long,Harassment,Medium
the bus broke down at night in an empty area and we were stranded no one has responded yet,Transport,High
there should be an anonymous way to report harassment on campus please look into this,Harassment,Low
the canteen near block b is always closed even during official hours this needs to be fixed,Cafeteria / Food,Medium
office hours should be extended at least during exam registration period i need help with this,Administration,Low
hi my group members are excluding me from everything and not sharing project work,Harassment,Medium
hi library wifi keeps disconnecting every few minutes,Library,Medium
not enough seats in the library during exam season it has been ignored for too long,Library,Medium
teacher should use more examples to explain difficult topics it has been ignored for too long,Academics / Faculty,Low
the wrong exam was given to our class and our result is now in question i need help with this,Academics / Faculty,High
found a cockroach inside my food at the canteen no one has responded yet,Cafeteria / Food,High
the queue at the admin office is very disorganized no one has responded yet,Administration,Low
more variety of books related to our new courses should be added please look into this,Library,Low
library wifi keeps disconnecting every few minutes it has been ignored for too long,Library,Medium
bus seats are very uncomfortable and need to be replaced please help,Transport,Low
the transport service was completely cancelled today with no notice it has been ignored for too long,Transport,High
a student was attacked in the hostel corridor and security did nothing,Hostel,High
i received racist abuse from a classmate and when i reported it nothing happened kindly resolve this,Harassment,High
the bus stop near the hostel has no shade or shelter i need help with this,Transport,Low
same food is being served every day for the past week it has been ignored for too long,Cafeteria / Food,Medium
hi the brakes of the university van made a loud noise and felt like they failed,Transport,High
my grade was changed without any reason and i never received an explanation i need help with this,Academics / Faculty,High
teacher covers too much in one class and does not check if we understand it has been ignored for too long,Academics / Faculty,Medium
there has been no electricity in my hostel block for 2 days,Hostel,High
there is no way to track the status of a complaint on the portal no one has responded yet,IT / Portal,Low
the portal is very slow and takes forever to load any page no one has responded yet,IT / Portal,Medium
there should be a live tracker for the university bus please help,Transport,Low
it would be helpful if the canteen showed the daily menu online please help,Cafeteria / Food,Low
teacher covers too much in one class and does not check if we understand please look into this,Academics / Faculty,Medium
it would help if admin sent updates when documents are ready for pickup this needs to be fixed,Administration,Low
i received racist abuse from a classmate and when i reported it nothing happened i need help with this,Harassment,High
attendance on the portal doesnt match what the teacher marked please help,IT / Portal,Medium
a teacher is forcing students to buy his own book or he deducts marks kindly resolve this,Academics / Faculty,High
hi a complaint or feedback option for transport would be useful,Transport,Low
the syllabus was never shared at the start of the semester this needs to be fixed,Academics / Faculty,Medium
the bus is in very bad condition with broken seats and windows it has been ignored for too long,Transport,Medium
teacher should share a reading list at the start of the course this needs to be fixed,Academics / Faculty,Low
the canteen near block b is always closed even during official hours kindly resolve this,Cafeteria / Food,Medium
the portal doesnt work on my phone at all only on laptop i need help with this,IT / Portal,Medium
the notice board at the admin block is never updated kindly resolve this,Administration,Low
more charging points are needed in the library no one has responded yet,Library,Low
more power sockets are needed in the hostel rooms please look into this,Hostel,Low
extra bus trips should be added during exams i need help with this,Transport,Low
the admin office should have a separate window for urgent requests please help,Administration,Low
the portal logs out automatically even during active use kindly resolve this,IT / Portal,Low
chunks of the library ceiling fell onto the study tables this morning please help,Library,High
i need a bonafide letter urgently but the office says it will take 2 weeks,Administration,Medium
teacher gives assignments without clear instructions on what is expected,Academics / Faculty,Low
library should stay open later during exams,Library,Low
the ac in the library has not worked for a week its too hot to study,Library,Medium
a classmate makes rude comments about my background every day please help,Harassment,Medium
hi there is no water in the hostel since yesterday and we cant even wash,Hostel,High
found a cockroach inside my food at the canteen i need help with this,Cafeteria / Food,High
hostel room was given to two students and there is a conflict it has been ignored for too long,Hostel,Medium
hi there are no vegetarian options available at the cafeteria,Cafeteria / Food,Medium
the bus route was changed and we were not informed,Transport,Medium
a student in my hostel is threatening me and the warden is not helping please help,Hostel,High
the kitchen staff are not wearing gloves and touching food with bare hands please look into this,Cafeteria / Food,High
my final year project file saved on the library computer was completely wiped this needs to be fixed,Library,High
there should be a clear list of required documents displayed at the office please help,Administration,Low
the kitchen staff are not wearing gloves and touching food with bare hands kindly resolve this,Cafeteria / Food,High
hi there should be more interaction in class instead of only lecture delivery,Academics / Faculty,Low
more charging points are needed in the library it has been ignored for too long,Library,Low
the van service was reduced from 3 trips to 1 without telling anyone this needs to be fixed,Transport,Medium
the forms at the admin office are outdated and confusing i need help with this,Administration,Low
the queue at the admin office is very disorganized please look into this,Administration,Low
teacher hasnt returned our assignments for over a week,Academics / Faculty,Medium
a group of students physically pushed me near the parking area this needs to be fixed,Harassment,High
curfew rules in the hostel are different for different students unfairly this needs to be fixed,Hostel,Medium
there should be a mobile app for the student portal i need help with this,IT / Portal,Low
someone else is logged into my student account and i dont know how this needs to be fixed,IT / Portal,High
there are no anti harassment posters anywhere on campus it has been ignored for too long,Harassment,Low
the admin staff gave me wrong information about the document requirements please help,Administration,Medium
prices went up suddenly with no notice and no explanation,Cafeteria / Food,Medium
lecture slides have very small text and are hard to read it has been ignored for too long,Academics / Faculty,Low
the bus was so overcrowded a student fell and got injured,Transport,High
study room booking in the library is very unfair some groups book all day i need help with this,Library,Medium
a teacher is forcing students to buy his own book or he deducts marks please help,Academics / Faculty,High
there is no way to track the status of a complaint on the portal please look into this,IT / Portal,Low
it would be helpful if lectures were recorded for revision it has been ignored for too long,Academics / Faculty,Low
my roommate in the hostel is constantly harassing me and the warden ignores it please help,Harassment,Medium
the portal should show which assignments have been graded already no one has responded yet,IT / Portal,Low
the paint in the hostel rooms is very old and peeling no one has responded yet,Hostel,Low
curfew rules in the hostel are different for different students unfairly it has been ignored for too long,Hostel,Medium
the admin office shared my personal information with someone outside the university kindly resolve this,Administration,High
the payment portal is showing my fees as unpaid even though i paid yesterday please look into this,IT / Portal,High
there is toxic mold in the library reading room and students are coughing please help,Library,High
my login is being used from another device and i never shared my password no one has responded yet,IT / Portal,High
my teacher failed me on purpose because i complained about him last semester it has been ignored for too long,Harassment,High
the portal should show which assignments have been graded already i need help with this,IT / Portal,Low
it would be nice if the teacher held an extra revision session before exams it has been ignored for too long,Academics / Faculty,Low
a student fainted in the library due to heat and no staff came to help no one has responded yet,Library,High
my fee payment is confirmed but the system still shows outstanding balance kindly resolve this,Administration,Medium
a classmate keeps making fun of me in front of everyone and it wont stop please help,Harassment,Medium
some students use offensive language in class and it makes me uncomfortable please help,Harassment,Low
mold is growing on the walls of my hostel room and i have breathing problems this needs to be fixed,Hostel,High
the cafeteria menu should have more variety kindly resolve this,Cafeteria / Food,Low
the portal should show which assignments have been graded already,IT / Portal,Low
urgent i have a disability and was denied extra time in the exam without reason,Academics / Faculty,High
hi the admin office never replies to emails or picks up the phone,Administration,Medium
urgent the library system deleted all my saved research and thesis deadline is tomorrow,Library,High
library should stay open later during exams please help,Library,Low
there should be an anonymous way to report harassment on campus this needs to be fixed,Harassment,Low
hi attendance on the portal doesnt match what the teacher marked,IT / Portal,Medium
the schedule shown at the stop does not match the actual timings kindly resolve this,Transport,Medium
a teacher always singles me out and humiliates me in class this needs to be fixed,Harassment,Medium
the library catalogue online is not updated with new arrivals please help,Library,Low
it would be helpful if the portal showed assignment deadlines on the home page please look into this,IT / Portal,Low
the pick up point near block a is too far for students with heavy bags kindly resolve this,Transport,Low
the university bus driver was driving very fast and it felt dangerous no one has responded yet,Transport,High
the library system deleted all my saved research and thesis deadline is tomorrow please help,Library,High
hi someone keeps leaving offensive notes on my desk anonymously,Harassment,Medium
my exam registration was rejected with no reason and finals are next week,Administration,High
cold food is being served as if it is freshly cooked,Cafeteria / Food,Medium
the hostel canteen closes too early and night students go hungry kindly resolve this,Hostel,Medium
urgent my thesis supervisor disappeared and is not responding since 3 weeks,Academics / Faculty,High
teacher uses very old examples that are not relevant to current topics i need help with this,Academics / Faculty,Low
the university bus driver was driving very fast and it felt dangerous kindly resolve this,Transport,High
my thesis supervisor disappeared and is not responding since 3 weeks i need help with this,Academics / Faculty,High
cold food is being served as if it is freshly cooked no one has responded yet,Cafeteria / Food,Medium
the warden is never available when we have a complaint please help,Hostel,Medium
my fee receipt is not generating even though payment was successful kindly resolve this,IT / Portal,Medium
multiple students got sick after eating from the hostel canteen yesterday please look into this,Cafeteria / Food,High
hi the lighting in some parts of the library is too dim,Library,Low
found a cockroach inside my food at the canteen it has been ignored for too long,Cafeteria / Food,High
there is no water in the hostel since yesterday and we cant even wash,Hostel,High
i missed a job application because the admin office delayed my transcript for 3 weeks please look into this,Administration,High
a student is spreading private photos of me without my permission no one has responded yet,Harassment,High
i need a bonafide letter urgently but the office says it will take 2 weeks no one has responded yet,Administration,Medium
the university should have more awareness sessions about bullying it has been ignored for too long,Harassment,Low
the hostel common room needs better furniture,Hostel,Low
my enrollment was cancelled without any warning and i found out from a friend no one has responded yet,Administration,High
a teacher is forcing students to buy his own book or he deducts marks it has been ignored for too long,Academics / Faculty,High
teacher leaves 30 minutes early and does not finish the lecture this needs to be fixed,Academics / Faculty,Medium
the book i need is always marked as available but i can never find it no one has responded yet,Library,Medium
the water coming from the tap in the hostel is brown and smells bad no one has responded yet,Hostel,High
my login is being used from another device and i never shared my password,IT / Portal,High
the library catalogue online is not updated with new arrivals,Library,Low
i cant register for finals because the system keeps showing an error kindly resolve this,IT / Portal,High
the university bus driver was driving very fast and it felt dangerous i need help with this,Transport,High
the admin office shared my personal information with someone outside the university please look into this,Administration,High
the bus driver was on his phone the entire journey no one has responded yet,Transport,High
someone keeps leaving offensive notes on my desk anonymously kindly resolve this,Harassment,Medium
hi the portal shows wrong grades for two of my subjects,IT / Portal,Medium
the portal doesnt send a confirmation when i submit assignments this needs to be fixed,IT / Portal,Low
urgent my exam registration was rejected with no reason and finals are next week,Administration,High
the washing machines in the hostel have been broken for a week kindly resolve this,Hostel,Medium
a self checkout machine would make borrowing books much faster please help,Library,Low
hi there are no anti harassment posters anywhere on campus,Harassment,Low
students are not informed when a bus trip is cancelled that day please look into this,Transport,Medium
more variety of books related to our new courses should be added this needs to be fixed,Library,Low
the lighting in some parts of the library is too dim kindly resolve this,Library,Low
we have had no teacher for this subject for the past 5 days,Academics / Faculty,Medium
the university should have more awareness sessions about bullying,Harassment,Low
the notice board in the hostel has very old information on it please look into this,Hostel,Low
the font on the portal is too small and hard to read please look into this,IT / Portal,Low
hi the book search system in the library is confusing to use,Library,Low
hi the notice board in the hostel has very old information on it,Hostel,Low
teacher hasnt returned our assignments for over a week please help,Academics / Faculty,Medium
the hostel canteen closes too early and night students go hungry this needs to be fixed,Hostel,Medium
the water coming from the tap in the hostel is brown and smells bad i need help with this,Hostel,High
the portal deleted my submitted assignment and now its showing not submitted it has been ignored for too long,IT / Portal,High
hi i received racist abuse from a classmate and when i reported it nothing happened,Harassment,High
a complaint or feedback option for transport would be useful this needs to be fixed,Transport,Low
hi i got locked out of my account and the reset email is not coming,IT / Portal,High
hi i submitted my assignment but the portal shows it as missing,IT / Portal,Medium
mold is growing on the walls of my hostel room and i have breathing problems no one has responded yet,Hostel,High
the bus is in very bad condition with broken seats and windows i need help with this,Transport,Medium
more storage space is needed in the hostel rooms kindly resolve this,Hostel,Low
the bus skips our stop sometimes without any explanation please look into this,Transport,Medium
we have had no teacher for this subject for the past 5 days please look into this,Academics / Faculty,Medium
a senior student has been threatening me and i am scared to come to campus it has been ignored for too long,Harassment,High
my login is being used from another device and i never shared my password i need help with this,IT / Portal,High
the bus driver doesnt announce stops so new students get confused kindly resolve this,Transport,Low
the book i need is always marked as available but i can never find it it has been ignored for too long,Library,Medium
some seniors talk down to juniors and it creates a bad environment,Harassment,Low
teacher is not available during office hours when students need help this needs to be fixed,Academics / Faculty,Medium
my entire semester grades disappeared from the portal after the update please look into this,IT / Portal,High
more variety of books related to our new courses should be added please help,Library,Low
there should be a dedicated quiet study area in the hostel please help,Hostel,Low
hi the meat served today smelled bad and looked discolored,Cafeteria / Food,High
hi the library should offer headphone rentals for students,Library,Low
the notice board at the admin block is never updated please look into this,Administration,Low
there is no water in the hostel since yesterday and we cant even wash no one has responded yet,Hostel,High
hi the cafeteria needs more seating especially during lunch time,Cafeteria / Food,Low
my entire semester grades disappeared from the portal after the update it has been ignored for too long,IT / Portal,High
my fee payment is confirmed but the system still shows outstanding balance it has been ignored for too long,Administration,Medium
hi the bus skips our stop sometimes without any explanation,Transport,Medium
an online appointment system would save a lot of time for students no one has responded yet,Administration,Low
the cafeteria menu should have more variety no one has responded yet,Cafeteria / Food,Low
my fee payment is confirmed but the system still shows outstanding balance this needs to be fixed,Administration,Medium
i was suspended from class without any warning or proper reason given this needs to be fixed,Academics / Faculty,High
a student was threatened by the driver when she complained about his driving this needs to be fixed,Transport,High
a female student was harassed by the van driver and she is scared it has been ignored for too long,Transport,High
there is toxic mold in the library reading room and students are coughing this needs to be fixed,Library,High
a student was threatened by the driver when she complained about his driving please look into this,Transport,High
the exam portal crashed during my online test and my answers were lost no one has responded yet,IT / Portal,High
the bus timings should be adjusted to match the late class schedules no one has responded yet,Transport,Low
there is no way to track the status of a complaint on the portal it has been ignored for too long,IT / Portal,Low
someone sent me threatening messages saying they will hurt me if i report them this needs to be fixed,Harassment,High
the trash area near the cafeteria is always messy kindly resolve this,Cafeteria / Food,Low
i was accused of cheating but i didnt cheat and no investigation was done it has been ignored for too long,Academics / Faculty,High
the library should offer headphone rentals for students this needs to be fixed,Library,Low
we have had no teacher for this subject for the past 5 days no one has responded yet,Academics / Faculty,Medium
the bus driver does not wait even 1 minute if students are slightly late kindly resolve this,Transport,Medium
the food being served is clearly expired the packaging dates were scratched off i need help with this,Cafeteria / Food,High
hi there should be a student support group for people who face bullying,Harassment,Low
we are being tested on topics that were never taught in class please help,Academics / Faculty,Medium
the bus left students stranded in the rain at night with no communication it has been ignored for too long,Transport,High
i have a disability and was denied extra time in the exam without reason please look into this,Academics / Faculty,High
hi a classmate records me during lectures without my knowledge or permission,Harassment,Medium
a bicycle parking area near the bus stop would be convenient it has been ignored for too long,Transport,Low
a classmate keeps making fun of me in front of everyone and it wont stop no one has responded yet,Harassment,Medium
it would be helpful if the portal showed assignment deadlines on the home page this needs to be fixed,IT / Portal,Low
name correction request submitted 10 days ago and no update yet kindly resolve this,Administration,Medium
the library has had no electricity for 2 days and all digital access is gone i need help with this,Library,High
more power sockets are needed in the hostel rooms i need help with this,Hostel,Low
urgent i was beaten by three students near the hostel and security did nothing,Harassment,High
library staff are not helpful when students ask for assistance finding books it has been ignored for too long,Library,Medium
same food is being served every day for the past week i need help with this,Cafeteria / Food,Medium
my assignment marks were given to the wrong student in the system,Academics / Faculty,High
bus arrives 40 minutes late every single day i need help with this,Transport,Medium
a classmate makes rude comments about my background every day kindly resolve this,Harassment,Medium
the library should offer headphone rentals for students please help,Library,Low
the transport service was completely cancelled today with no notice kindly resolve this,Transport,High
nutritional information should be displayed for each meal it has been ignored for too long,Cafeteria / Food,Low
there is no way to track the status of a complaint on the portal please help,IT / Portal,Low
there is no clear information on campus about where to go if harassed this needs to be fixed,Harassment,Low
a small study table in each hostel room would be very helpful this needs to be fixed,Hostel,Low
there are not enough buses for students with late evening classes kindly resolve this,Transport,Medium
i enrolled in the wrong section by mistake and cant change it this needs to be fixed,IT / Portal,Medium
lecture slides are uploaded after the class not before which is not helpful please help,Academics / Faculty,Medium
hi the library was locked during announced open hours and students had no access,Library,High
hi there was a small fire near the library electrical board and no one responded,Library,High
the hostel generator doesnt turn on during load shedding please look into this,Hostel,Medium
the queue at the admin office is very disorganized,Administration,Low
some seniors talk down to juniors and it creates a bad environment it has been ignored for too long,Harassment,Low
a teacher made inappropriate comments about my appearance in front of the class please help,Harassment,High
the food in the cafeteria smells rotten and students are still being served it kindly resolve this,Cafeteria / Food,High
search on the portal is not useful it never finds what i need i need help with this,IT / Portal,Low
the syllabus was never shared at the start of the semester kindly resolve this,Academics / Faculty,Medium
some students use offensive language in class and it makes me uncomfortable it has been ignored for too long,Harassment,Low
hi it would help if bus cancellations were announced on the portal,Transport,Low
a group of students physically pushed me near the parking area it has been ignored for too long,Harassment,High
it would help if admin sent updates when documents are ready for pickup no one has responded yet,Administration,Low
a teacher threatened to fail me if i told anyone what he said to me kindly resolve this,Harassment,High
the driver drives through red signals and students are scared to speak up please help,Transport,High
there is toxic mold in the library reading room and students are coughing it has been ignored for too long,Library,High
the portal deleted my submitted assignment and now its showing not submitted kindly resolve this,IT / Portal,High
hi extra bus trips should be added during exams,Transport,Low
there are not enough buses for students with late evening classes i need help with this,Transport,Medium
urgent the bus was so overcrowded a student fell and got injured,Transport,High
some students make inappropriate jokes in class and the teacher ignores it please help,Harassment,Low
the library roof is leaking badly and water is falling on books and computers i need help with this,Library,High
library should stay open later during exams i need help with this,Library,Low
more storage space is needed in the hostel rooms it has been ignored for too long,Hostel,Low
more power sockets are needed in the hostel rooms,Hostel,Low
same food is being served every day for the past week this needs to be fixed,Cafeteria / Food,Medium
hi there is no clear information on campus about where to go if harassed,Harassment,Low
the bus timings should be adjusted to match the late class schedules it has been ignored for too long,Transport,Low
there should be a dedicated quiet study area in the hostel no one has responded yet,Hostel,Low
the meat served today smelled bad and looked discolored i need help with this,Cafeteria / Food,High
my grade was changed without any reason and i never received an explanation please look into this,Academics / Faculty,High
the hostel entrance light is broken and it gets dark at night please look into this,Hostel,Low
the teacher changes the quiz date without telling everyone it has been ignored for too long,Academics / Faculty,Medium
the brakes of the university van made a loud noise and felt like they failed it has been ignored for too long,Transport,High
the library was locked during announced open hours and students had no access kindly resolve this,Library,High
ac in the university bus has not worked for a week kindly resolve this,Transport,Medium
some students make inappropriate jokes in class and the teacher ignores it kindly resolve this,Harassment,Low
teacher gives assignments without clear instructions on what is expected kindly resolve this,Academics / Faculty,Low
my grade was changed without any reason and i never received an explanation please help,Academics / Faculty,High
a grab and go option would be useful for students between classes kindly resolve this,Cafeteria / Food,Low
hi a student collapsed in the hostel and there was no first aid available,Hostel,High
the bus should have a designated seat for students with disabilities i need help with this,Transport,Low
i received racist abuse from a classmate and when i reported it nothing happened please help,Harassment,High
hi the wrong exam was given to our class and our result is now in question,Academics / Faculty,High
hi the canteen should offer a student discount card,Cafeteria / Food,Low
the portal should let us download our timetable as a pdf i need help with this,IT / Portal,Low
the cooking area in the canteen has visible mold and is never cleaned it has been ignored for too long,Cafeteria / Food,High
it would help if teacher gave feedback on assignments not just a grade this needs to be fixed,Academics / Faculty,Low
i want to know what the university policy is if someone harasses a student it has been ignored for too long,Harassment,Low
the deadline for document submission was not announced and i missed it,Administration,Medium
teacher uses very old examples that are not relevant to current topics urgent,Academics / Faculty,Low
my roommate in the hostel is constantly harassing me and the warden ignores it it has been ignored for too long,Harassment,Medium
my scholarship money has not arrived for 2 months and i cant pay rent please look into this,Administration,High
the waiting area in the admin office has no chairs this needs to be fixed,Administration,Low
the syllabus was never shared at the start of the semester it has been ignored for too long,Academics / Faculty,Medium
hi teacher should use more examples to explain difficult topics,Academics / Faculty,Low
a student fainted in the library due to heat and no staff came to help please look into this,Library,High
nutritional information should be displayed for each meal this needs to be fixed,Cafeteria / Food,Low
urgent the system wrongly submitted an empty file instead of my actual assignment,IT / Portal,High
the warden is never available when we have a complaint,Hostel,Medium
a teacher made inappropriate comments about my appearance in front of the class this needs to be fixed,Harassment,High
my account got hacked and someone changed my password i cant login,IT / Portal,High
there is no way to track the status of a complaint on the portal kindly resolve this,IT / Portal,Low
a student fainted in the library due to heat and no staff came to help,Library,High
the syllabus was never shared at the start of the semester i need help with this,Academics / Faculty,Medium
a senior student keeps pressuring me to do things i am not comfortable with please help,Harassment,Medium
the hostel canteen closes too early and night students go hungry,Hostel,Medium
lecture slides are uploaded after the class not before which is not helpful i need help with this,Academics / Faculty,Medium
the warden is never available when we have a complaint please look into this,Hostel,Medium
the library was locked during announced open hours and students had no access,Library,High
a student collapsed in the hostel and there was no first aid available no one has responded yet,Hostel,High
my grade correction request has been pending for over a week please look into this,Administration,Medium
my exam registration was rejected with no reason and finals are next week this needs to be fixed,Administration,High
a student was attacked in the hostel corridor and security did nothing please help,Hostel,High
hi students in the common room are very loud and disrespectful to others,Harassment,Low
the bus left students stranded in the rain at night with no communication please look into this,Transport,High
mold is growing on the walls of my hostel room and i have breathing problems please help,Hostel,High
teacher is not available during office hours when students need help i need help with this,Academics / Faculty,Medium
the library notice board is very cluttered and hard to read no one has responded yet,Library,Low
there should be a group discussion room in or near the library kindly resolve this,Library,Low
hi my grade correction request has been pending for over a week,Administration,Medium
the queue system at the canteen is very unorganized it has been ignored for too long,Cafeteria / Food,Low
someone is spreading false rumors about me in the department please look into this,Harassment,Medium
the bus left students stranded in the rain at night with no communication kindly resolve this,Transport,High
there are no anti harassment posters anywhere on campus,Harassment,Low
the portal should have a dark mode option,IT / Portal,Low
it would help to have the cleaning schedule posted in the hostel it has been ignored for too long,Hostel,Low
the mid term results were never announced and exams are next week this needs to be fixed,Academics / Faculty,Medium
it would help to have the cleaning schedule posted in the hostel no one has responded yet,Hostel,Low
i was accused of cheating but i didnt cheat and no investigation was done no one has responded yet,Academics / Faculty,High
nutritional information should be displayed for each meal kindly resolve this,Cafeteria / Food,Low
a small study table in each hostel room would be very helpful no one has responded yet,Hostel,Low
class starts on time but the room is always locked and we have to wait outside it has been ignored for too long,Academics / Faculty,Low
a student was attacked in the hostel corridor and security did nothing i need help with this,Hostel,High
the portal is very slow and takes forever to load any page,IT / Portal,Medium
hostel room was given to two students and there is a conflict i need help with this,Hostel,Medium
someone else is logged into my student account and i dont know how kindly resolve this,IT / Portal,High
it would help if admin sent updates when documents are ready for pickup,Administration,Low
library computers are very slow and keep crashing i need help with this,Library,Medium
there are not enough buses for students with late evening classes,Transport,Medium
a teacher always singles me out and humiliates me in class please look into this,Harassment,Medium
a student was assaulted near the library entrance and security was absent,Library,High
the bus was so overcrowded a student fell and got injured i need help with this,Transport,High
some students make inappropriate jokes in class and the teacher ignores it please look into this,Harassment,Low
a teacher made inappropriate comments about my appearance in front of the class kindly resolve this,Harassment,High
someone keeps leaving offensive notes on my desk anonymously please look into this,Harassment,Medium
it would be nice if the teacher held an extra revision session before exams,Academics / Faculty,Low
urgent my enrollment was cancelled without any warning and i found out from a friend,Administration,High
there are no anti harassment posters anywhere on campus kindly resolve this,Harassment,Low
a teacher made inappropriate comments about my appearance in front of the class,Harassment,High
hi the portal should let us download our timetable as a pdf,IT / Portal,Low
the trash area near the cafeteria is always messy no one has responded yet,Cafeteria / Food,Low
the portal design is very confusing and hard to navigate,IT / Portal,Low
there should be a suggestion box at the cafeteria for feedback please look into this,Cafeteria / Food,Low
some students use offensive language in class and it makes me uncomfortable kindly resolve this,Harassment,Low
our teacher is always 20 to 30 minutes late to every class i need help with this,Academics / Faculty,Medium
the food being served is clearly expired the packaging dates were scratched off it has been ignored for too long,Cafeteria / Food,High
there is no water in the hostel since yesterday and we cant even wash please look into this,Hostel,High
the pick up point near block a is too far for students with heavy bags i need help with this,Transport,Low
there should be an anonymous way to report harassment on campus i need help with this,Harassment,Low
it would be helpful if lectures were recorded for revision no one has responded yet,Academics / Faculty,Low
i heard some students making fun of a disabled student and nobody said anything i need help with this,Harassment,Low
i was beaten by three students near the hostel and security did nothing please help,Harassment,High
more storage space is needed in the hostel rooms no one has responded yet,Hostel,Low
the printer in the library has been broken for 5 days no one has responded yet,Library,Medium
there should be a dedicated quiet study area in the hostel kindly resolve this,Hostel,Low
i received racist abuse from a classmate and when i reported it nothing happened no one has responded yet,Harassment,High
my group members are excluding me from everything and not sharing project work please help,Harassment,Medium
hi the hostel generator doesnt turn on during load shedding,Hostel,Medium
mold is growing on the walls of my hostel room and i have breathing problems i need help with this,Hostel,High
teacher should share a reading list at the start of the course i need help with this,Academics / Faculty,Low
a teacher made inappropriate comments about my appearance in front of the class no one has responded yet,Harassment,High
hi the cafeteria menu should have more variety,Cafeteria / Food,Low
i feel discriminated against by a teacher based on where i am from this needs to be fixed,Harassment,Medium
the bus driver was on his phone the entire journey it has been ignored for too long,Transport,High
the university should have more awareness sessions about bullying i need help with this,Harassment,Low
the online journal access expired and we cant read research papers please look into this,Library,Medium
my assignment marks were given to the wrong student in the system this needs to be fixed,Academics / Faculty,High
a rat was seen running across the food counter in the cafeteria please help,Cafeteria / Food,High
a rat was seen running across the food counter in the cafeteria,Cafeteria / Food,High
no hot water in the hostel for the past 4 days i need help with this,Hostel,Medium
my roommate in the hostel is constantly harassing me and the warden ignores it i need help with this,Harassment,Medium
students are not informed when a bus trip is cancelled that day no one has responded yet,Transport,Medium
class starts on time but the room is always locked and we have to wait outside kindly resolve this,Academics / Faculty,Low
it would help if bus cancellations were announced on the portal please look into this,Transport,Low
my final result shows fail but i passed all my assessments this needs to be fixed,Academics / Faculty,High
hi it would be helpful if the canteen showed the daily menu online,Cafeteria / Food,Low
hostel wifi goes off every night and i cant study kindly resolve this,Hostel,Medium
bus timings during exams were changed and students missed the paper it has been ignored for too long,Transport,Medium
there should be a group discussion room in or near the library,Library,Low
the hostel entrance light is broken and it gets dark at night,Hostel,Low
there should be a mobile app for the student portal,IT / Portal,Low
a digital display near the library entrance showing available books would help it has been ignored for too long,Library,Low
there is no clear process explained for how to appeal an exam result this needs to be fixed,Administration,Medium
the portal should let us download our timetable as a pdf kindly resolve this,IT / Portal,Low
hi a group of students physically pushed me near the parking area,Harassment,High
hi my assignment marks were given to the wrong student in the system,Academics / Faculty,High
students should be allowed to have a small personal fridge in the room it has been ignored for too long,Hostel,Low
not enough seats in the library during exam season,Library,Medium
bus arrives 40 minutes late every single day this needs to be fixed,Transport,Medium
prices went up suddenly with no notice and no explanation kindly resolve this,Cafeteria / Food,Medium
i am being stalked by a classmate and he waits outside my class every day no one has responded yet,Harassment,High
a female student was harassed by the van driver and she is scared this needs to be fixed,Transport,High
my visa documents were lost by the admin office and i may face deportation please look into this,Administration,High
hi the library emergency exit is locked from the outside which is dangerous,Library,High
a classmate records me during lectures without my knowledge or permission it has been ignored for too long,Harassment,Medium
it would help if bus cancellations were announced on the portal please help,Transport,Low
teacher should share a reading list at the start of the course kindly resolve this,Academics / Faculty,Low
it would be nice if the teacher held an extra revision session before exams please help,Academics / Faculty,Low
i ate from the cafeteria and got food poisoning i am in the medical room now i need help with this,Cafeteria / Food,High
i have a disability and was denied extra time in the exam without reason please help,Academics / Faculty,High
a teacher is giving better marks to students he likes and ignoring the rest of us please help,Harassment,Medium
hi the canteen is very unhygienic tables are never wiped between customers,Cafeteria / Food,Medium
there is no water in the hostel since yesterday and we cant even wash i need help with this,Hostel,High
hi i missed a job application because the admin office delayed my transcript for 3 weeks,Administration,High
a self checkout machine would make borrowing books much faster i need help with this,Library,Low
i cant register for finals because the system keeps showing an error no one has responded yet,IT / Portal,High
it would help if teacher gave feedback on assignments not just a grade kindly resolve this,Academics / Faculty,Low
cold food is being served as if it is freshly cooked it has been ignored for too long,Cafeteria / Food,Medium
the library notice board is very cluttered and hard to read please help,Library,Low
the bus left students stranded in the rain at night with no communication no one has responded yet,Transport,High
canteen staff are rude and dismissive when students have complaints i need help with this,Cafeteria / Food,Medium
students in the common room are very loud and disrespectful to others please look into this,Harassment,Low
there should be a reminder system for book return deadlines please look into this,Library,Low
the font on the portal is too small and hard to read,IT / Portal,Low
the forms at the admin office are outdated and confusing please help,Administration,Low
hi my visa documents were lost by the admin office and i may face deportation,Administration,High
my fee payment is confirmed but the system still shows outstanding balance please look into this,Administration,Medium
there are not enough bathrooms for the number of students in the hostel,Hostel,Medium
urgent the admin is demanding money under the table to process my documents,Administration,High
teacher gives assignments without clear instructions on what is expected this needs to be fixed,Academics / Faculty,Low
urgent the library roof is leaking badly and water is falling on books and computers,Library,High
the book search system in the library is confusing to use no one has responded yet,Library,Low
the library emergency exit is locked from the outside which is dangerous it has been ignored for too long,Library,High
my grade was changed without any reason and i never received an explanation this needs to be fixed,Academics / Faculty,High
urgent the payment portal is showing my fees as unpaid even though i paid yesterday,IT / Portal,High
urgent a group of students physically pushed me near the parking area,Harassment,High
the deadline for document submission was not announced and i missed it it has been ignored for too long,Administration,Medium
the portal keeps saying session expired even when i just logged in i need help with this,IT / Portal,Medium
the admin office should have a separate window for urgent requests kindly resolve this,Administration,Low
the bus driver doesnt announce stops so new students get confused please help,Transport,Low
the online journal access expired and we cant read research papers please help,Library,Medium
portal has been down since 3 days and i cant check my timetable,IT / Portal,Medium
the bus is in very bad condition with broken seats and windows,Transport,Medium
students in the common room are very loud and disrespectful to others please help,Harassment,Low
hi library should stay open later during exams,Library,Low
cafeteria closes 30 minutes early and students with late classes go hungry this needs to be fixed,Cafeteria / Food,Medium
hi the food in the cafeteria smells rotten and students are still being served it,Cafeteria / Food,High
hi we have had no teacher for this subject for the past 5 days,Academics / Faculty,Medium
there is no clear process explained for how to appeal an exam result kindly resolve this,Administration,Medium
a digital display near the library entrance showing available books would help kindly resolve this,Library,Low
hi a rat was seen running across the food counter in the cafeteria,Cafeteria / Food,High
hi the admin office shared my personal information with someone outside the university,Administration,High
the portal deleted my submitted assignment and now its showing not submitted i need help with this,IT / Portal,High
there is no water in the hostel since yesterday and we cant even wash it has been ignored for too long,Hostel,High
there are rats in my hostel room and they have gotten into my food,Hostel,High
the hostel canteen closes too early and night students go hungry please help,Hostel,Medium
hi the hostel guest sign in process takes too long,Hostel,Low
the university should have more awareness sessions about bullying please help,Harassment,Low
my enrollment was cancelled without any warning and i found out from a friend it has been ignored for too long,Administration,High
a teacher threatened to fail me because i asked a question he didnt like please look into this,Academics / Faculty,High
office hours should be extended at least during exam registration period please look into this,Administration,Low
the online journal access expired and we cant read research papers no one has responded yet,Library,Medium
the library catalogue online is not updated with new arrivals it has been ignored for too long,Library,Low
a small study table in each hostel room would be very helpful,Hostel,Low
hi not enough seats in the library during exam season,Library,Medium
the paint in the hostel rooms is very old and peeling this needs to be fixed,Hostel,Low
a senior student has been threatening me and i am scared to come to campus no one has responded yet,Harassment,High
the cafeteria needs better lighting it is too dim inside this needs to be fixed,Cafeteria / Food,Low
a senior student keeps pressuring me to do things i am not comfortable with,Harassment,Medium
no hot water in the hostel for the past 4 days this needs to be fixed,Hostel,Medium
the van service was reduced from 3 trips to 1 without telling anyone no one has responded yet,Transport,Medium
a student is spreading private photos of me without my permission this needs to be fixed,Harassment,High
the portal doesnt send a confirmation when i submit assignments no one has responded yet,IT / Portal,Low
hi library staff are not helpful when students ask for assistance finding books,Library,Medium
it would help if teacher gave feedback on assignments not just a grade please look into this,Academics / Faculty,Low
the book search system in the library is confusing to use i need help with this,Library,Low
there are not enough bathrooms for the number of students in the hostel it has been ignored for too long,Hostel,Medium
hi the library roof is leaking badly and water is falling on books and computers,Library,High
the portal shows wrong grades for two of my subjects,IT / Portal,Medium
the driver was clearly not well and was driving in a dangerous manner it has been ignored for too long,Transport,High
there should be a reminder system for book return deadlines this needs to be fixed,Library,Low
the trash area near the cafeteria is always messy this needs to be fixed,Cafeteria / Food,Low
it would be helpful if the canteen showed the daily menu online i need help with this,Cafeteria / Food,Low
the canteen near block b is always closed even during official hours please look into this,Cafeteria / Food,Medium
a teacher shared the exam paper with some students before the test please help,Academics / Faculty,High
hi my final result shows fail but i passed all my assessments,Academics / Faculty,High
an online appointment system would save a lot of time for students please help,Administration,Low
the washing machines in the hostel have been broken for a week please look into this,Hostel,Medium
the hostel generator doesnt turn on during load shedding i need help with this,Hostel,Medium
the deadline for document submission was not announced and i missed it no one has responded yet,Administration,Medium
hi the hostel entrance light is broken and it gets dark at night,Hostel,Low
urgent i am being stalked by a classmate and he waits outside my class every day,Harassment,High
hi bus arrives 40 minutes late every single day,Transport,Medium
i missed a job application because the admin office delayed my transcript for 3 weeks it has been ignored for too long,Administration,High
teacher does not respond to emails even after several days please help,Academics / Faculty,Medium
nutritional information should be displayed for each meal please help,Cafeteria / Food,Low
the hostel guest sign in process takes too long i need help with this,Hostel,Low
the bus is in very bad condition with broken seats and windows this needs to be fixed,Transport,Medium
the bus skips our stop sometimes without any explanation i need help with this,Transport,Medium
i was suspended wrongly and the admin office is not responding to my emails please look into this,Administration,High
an online appointment system would save a lot of time for students please look into this,Administration,Low
a rat was seen running across the food counter in the cafeteria it has been ignored for too long,Cafeteria / Food,High
cafeteria runs out of food by 1pm and many students are left with nothing no one has responded yet,Cafeteria / Food,Medium
hi the bus should have a designated seat for students with disabilities,Transport,Low
admin should clearly display how long each process takes this needs to be fixed,Administration,Low
hi i ate from the cafeteria and got food poisoning i am in the medical room now,Cafeteria / Food,High
hi lecture slides are uploaded after the class not before which is not helpful,Academics / Faculty,Medium
a teacher shared the exam paper with some students before the test please resolve,Academics / Faculty,High
the brakes of the university van made a loud noise and felt like they failed no one has responded yet,Transport,High
more storage space is needed in the hostel rooms,Hostel,Low
the admin is demanding money under the table to process my documents this needs to be fixed,Administration,High
i want to know what the university policy is if someone harasses a student kindly resolve this,Harassment,Low
there is raw sewage overflowing in the hostel bathroom area please help,Hostel,High
hi i am being blackmailed by a senior student and i dont know what to do,Harassment,High
not enough seats in the library during exam season please look into this,Library,Medium
a teacher always singles me out and humiliates me in class i need help with this,Harassment,Medium
my course enrollment shows errors but admin says they cant fix it now this needs to be fixed,Administration,Medium
the font on the portal is too small and hard to read please help,IT / Portal,Low
a teacher shared the exam paper with some students before the test,Academics / Faculty,High
library computers are very slow and keep crashing it has been ignored for too long,Library,Medium
the library has had no electricity for 2 days and all digital access is gone no one has responded yet,Library,High
the portal should have a dark mode option no one has responded yet,IT / Portal,Low
hi the warden is never available when we have a complaint,Hostel,Medium
the driver drives through red signals and students are scared to speak up,Transport,High
the portal is not opening at all and my project submission closes in 2 hours,IT / Portal,High
we are being tested on topics that were never taught in class kindly resolve this,Academics / Faculty,Medium
there should be a group discussion room in or near the library this needs to be fixed,Library,Low
the library closes 30 minutes early and students with late classes cant use it no one has responded yet,Library,Medium
the library system deleted all my saved research and thesis deadline is tomorrow this needs to be fixed,Library,High
my group members are excluding me from everything and not sharing project work,Harassment,Medium
my thesis supervisor disappeared and is not responding since 3 weeks this needs to be fixed,Academics / Faculty,High
the admin office should have a separate window for urgent requests no one has responded yet,Administration,Low
admin office is only open for 2 hours a day which is very inconvenient please help,Administration,Medium
bus timings during exams were changed and students missed the paper please look into this,Transport,Medium
the admin office staff should be trained to be more helpful to students i need help with this,Administration,Low
applied for my transcript 2 weeks ago and still havent received it it has been ignored for too long,Administration,Medium
there is no clear process explained for how to appeal an exam result no one has responded yet,Administration,Medium
the bus skips our stop sometimes without any explanation it has been ignored for too long,Transport,Medium
i submitted my assignment but the portal shows it as missing please help,IT / Portal,Medium
the fire alarm in the hostel has never worked since i moved in no one has responded yet,Hostel,High
seating in the cafeteria is not enough students have to eat standing please resolve,Cafeteria / Food,Medium
hi my thesis supervisor disappeared and is not responding since 3 weeks,Academics / Faculty,High
teacher has been absent for 2 weeks and no replacement has been arranged it has been ignored for too long,Academics / Faculty,High
my account got hacked and someone changed my password i cant login please look into this,IT / Portal,High
the cafeteria menu should have more variety please look into this,Cafeteria / Food,Low
hi my enrollment was cancelled without any warning and i found out from a friend,Administration,High
hi a teacher always singles me out and humiliates me in class,Harassment,Medium
i was suspended wrongly and the admin office is not responding to my emails this needs to be fixed,Administration,High
there should be a live tracker for the university bus,Transport,Low
the portal keeps saying session expired even when i just logged in,IT / Portal,Medium
hi the displayed bus schedule is outdated and confusing,Transport,Low
i was beaten by three students near the hostel and security did nothing this needs to be fixed,Harassment,High
the payment portal is showing my fees as unpaid even though i paid yesterday,IT / Portal,High
there should be more interaction in class instead of only lecture delivery i need help with this,Academics / Faculty,Low
the bus left students stranded in the rain at night with no communication i need help with this,Transport,High
the trash area near the cafeteria is always messy,Cafeteria / Food,Low
the canteen is very unhygienic tables are never wiped between customers this needs to be fixed,Cafeteria / Food,Medium
hi some students make inappropriate jokes in class and the teacher ignores it,Harassment,Low
some students make inappropriate jokes in class and the teacher ignores it i need help with this,Harassment,Low
hi there should be a dedicated quiet study area in the hostel,Hostel,Low
urgent a teacher threatened to fail me if i told anyone what he said to me,Harassment,High
it would be helpful if the canteen showed the daily menu online this needs to be fixed,Cafeteria / Food,Low
a digital display near the library entrance showing available books would help,Library,Low
no hot water in the hostel for the past 4 days please look into this,Hostel,Medium
hi admin office is only open for 2 hours a day which is very inconvenient,Administration,Medium
lecture slides have very small text and are hard to read no one has responded yet,Academics / Faculty,Low
the bus should have a designated seat for students with disabilities,Transport,Low
hi the bus driver doesnt announce stops so new students get confused,Transport,Low
the schedule shown at the stop does not match the actual timings this needs to be fixed,Transport,Medium
the bus skips our stop sometimes without any explanation,Transport,Medium
the bus left students stranded in the rain at night with no communication this needs to be fixed,Transport,High
the hostel generator doesnt turn on during load shedding please help,Hostel,Medium
the bus route was changed and we were not informed please look into this,Transport,Medium
my teacher failed me on purpose because i complained about him last semester,Harassment,High
the university should have more awareness sessions about bullying no one has responded yet,Harassment,Low
urgent the food being served is clearly expired the packaging dates were scratched off,Cafeteria / Food,High
applied for my transcript 2 weeks ago and still havent received it this needs to be fixed,Administration,Medium
the waiting area in the admin office has no chairs kindly resolve this,Administration,Low
students are not informed when a bus trip is cancelled that day please help,Transport,Medium
it would be helpful if the portal showed assignment deadlines on the home page no one has responded yet,IT / Portal,Low
a student was attacked in the hostel corridor and security did nothing please look into this,Hostel,High
it would help if teacher gave feedback on assignments not just a grade please help,Academics / Faculty,Low
hi portal has been down since 3 days and i cant check my timetable,IT / Portal,Medium
library computers are very slow and keep crashing no one has responded yet,Library,Medium
there should be a reminder system for book return deadlines no one has responded yet,Library,Low
there should be a student support group for people who face bullying please look into this,Harassment,Low
library wifi keeps disconnecting every few minutes please help,Library,Medium
hi the system wrongly submitted an empty file instead of my actual assignment,IT / Portal,High
the driver drives through red signals and students are scared to speak up please look into this,Transport,High
we are being tested on topics that were never taught in class i need help with this,Academics / Faculty,Medium
teacher should use more examples to explain difficult topics i need help with this,Academics / Faculty,Low
it would be helpful if the portal showed assignment deadlines on the home page,IT / Portal,Low
i submitted my assignment but the portal shows it as missing kindly resolve this,IT / Portal,Medium
the queue system at the canteen is very unorganized please look into this,Cafeteria / Food,Low
the admin office staff should be trained to be more helpful to students this needs to be fixed,Administration,Low
i was marked as expelled by mistake and i have not been to any hearing this needs to be fixed,Administration,High
the font on the portal is too small and hard to read i need help with this,IT / Portal,Low
my friend has a nut allergy and the food was mislabeled and she had a reaction please look into this,Cafeteria / Food,High
the teacher changes the quiz date without telling everyone kindly resolve this,Academics / Faculty,Medium
the bus has no working seatbelts and students are at risk it has been ignored for too long,Transport,High
hi my account got hacked and someone changed my password i cant login,IT / Portal,High
the university should have more awareness sessions about bullying this needs to be fixed,Harassment,Low
hostel room was given to two students and there is a conflict kindly resolve this,Hostel,Medium
a teacher threatened to fail me if i told anyone what he said to me no one has responded yet,Harassment,High
the bus is always too full and students are left behind at the stop,Transport,Medium
i want to know what the university policy is if someone harasses a student this needs to be fixed,Harassment,Low
the bus has no working seatbelts and students are at risk please look into this,Transport,High
there are rats in my hostel room and they have gotten into my food it has been ignored for too long,Hostel,High
it would help if teacher gave feedback on assignments not just a grade,Academics / Faculty,Low
the exam portal crashed during my online test and my answers were lost it has been ignored for too long,IT / Portal,High
hi nutritional information should be displayed for each meal,Cafeteria / Food,Low
it would be nice if the teacher held an extra revision session before exams please look into this,Academics / Faculty,Low
hi it would be nice if the canteen had a quiet section for eating alone,Cafeteria / Food,Low
hi the portal design is very confusing and hard to navigate,IT / Portal,Low
found a cockroach inside my food at the canteen please help,Cafeteria / Food,High
a senior student has been threatening me and i am scared to come to campus,Harassment,High
urgent i was suspended from class without any warning or proper reason given,Academics / Faculty,High
i need a bonafide letter urgently but the office says it will take 2 weeks please help,Administration,Medium
it would be helpful if lectures were recorded for revision this needs to be fixed,Academics / Faculty,Low
hi the bus is in very bad condition with broken seats and windows,Transport,Medium
it would be helpful if we could track the status of submitted requests online no one has responded yet,Administration,Low
someone is spreading false rumors about me in the department no one has responded yet,Harassment,Medium
hi teacher hasnt returned our assignments for over a week,Academics / Faculty,Medium
the portal keeps saying session expired even when i just logged in please look into this,IT / Portal,Medium
there are rats in my hostel room and they have gotten into my food this needs to be fixed,Hostel,High
my roommate in the hostel is constantly harassing me and the warden ignores it no one has responded yet,Harassment,Medium
i enrolled in the wrong section by mistake and cant change it,IT / Portal,Medium
the payment portal is showing my fees as unpaid even though i paid yesterday it has been ignored for too long,IT / Portal,High
there should be an anonymous way to report harassment on campus,Harassment,Low
i cant upload my assignment the file size limit is too low please help,IT / Portal,Medium
multiple students got sick after eating from the hostel canteen yesterday,Cafeteria / Food,High
the notice board at the admin block is never updated it has been ignored for too long,Administration,Low
hi an online appointment system would save a lot of time for students,Administration,Low
hostel wifi goes off every night and i cant study it has been ignored for too long,Hostel,Medium
the queue at the admin office is very disorganized please help,Administration,Low
ac in the university bus has not worked for a week it has been ignored for too long,Transport,Medium
my final result shows fail but i passed all my assessments i need help with this,Academics / Faculty,High
there was a small fire near the library electrical board and no one responded this needs to be fixed,Library,High
the portal doesnt send a confirmation when i submit assignments,IT / Portal,Low
hi the admin is demanding money under the table to process my documents,Administration,High
i was robbed inside the library and the security cameras were not on no one has responded yet,Library,High
hi the cafeteria wifi is very weak and doesnt work inside,Cafeteria / Food,Low
a student collapsed in the hostel and there was no first aid available,Hostel,High
the bus skips our stop sometimes without any explanation no one has responded yet,Transport,Medium
urgent teacher has been absent for 2 weeks and no replacement has been arranged,Academics / Faculty,High
someone is spreading false rumors about me in the department it has been ignored for too long,Harassment,Medium
the hostel common room has no working fans during summer i need help with this,Hostel,Medium
library should stay open later during exams please look into this,Library,Low
i missed a job application because the admin office delayed my transcript for 3 weeks this needs to be fixed,Administration,High
the lighting in some parts of the library is too dim please look into this,Library,Low
the hostel common room needs better furniture kindly resolve this,Hostel,Low
teacher is not available during office hours when students need help please help,Academics / Faculty,Medium
urgent a student collapsed in the hostel and there was no first aid available,Hostel,High
the portal design is very confusing and hard to navigate i need help with this,IT / Portal,Low
the washing machines in the hostel have been broken for a week it has been ignored for too long,Hostel,Medium
my visa documents were lost by the admin office and i may face deportation this needs to be fixed,Administration,High
it would help to have the cleaning schedule posted in the hostel i need help with this,Hostel,Low
a student is spreading private photos of me without my permission i need help with this,Harassment,High
there is no clear information on campus about where to go if harassed please look into this,Harassment,Low
the online journal access expired and we cant read research papers it has been ignored for too long,Library,Medium
hostel room was given to two students and there is a conflict,Hostel,Medium
hi i am being stalked by a classmate and he waits outside my class every day,Harassment,High
some students make inappropriate jokes in class and the teacher ignores it it has been ignored for too long,Harassment,Low
the teacher changes the quiz date without telling everyone no one has responded yet,Academics / Faculty,Medium
hi someone is spreading false rumors about me in the department,Harassment,Medium
urgent my final result shows fail but i passed all my assessments,Academics / Faculty,High
the canteen should offer a student discount card no one has responded yet,Cafeteria / Food,Low
the portal should let us download our timetable as a pdf please help,IT / Portal,Low
the warden is never available when we have a complaint kindly resolve this,Hostel,Medium
teacher leaves 30 minutes early and does not finish the lecture please help,Academics / Faculty,Medium
multiple students got sick after eating from the hostel canteen yesterday i need help with this,Cafeteria / Food,High
an online appointment system would save a lot of time for students,Administration,Low
the cafeteria needs more seating especially during lunch time no one has responded yet,Cafeteria / Food,Low
a small study table in each hostel room would be very helpful it has been ignored for too long,Hostel,Low
study room booking in the library is very unfair some groups book all day kindly resolve this,Library,Medium
nutritional information should be displayed for each meal no one has responded yet,Cafeteria / Food,Low
my enrollment was cancelled without any warning and i found out from a friend,Administration,High
a female student was touched inappropriately by a staff member in the corridor i need help with this,Harassment,High
the canteen should offer a student discount card i need help with this,Cafeteria / Food,Low
the university should have more awareness sessions about bullying kindly resolve this,Harassment,Low
there is raw sewage overflowing in the hostel bathroom area kindly resolve this,Hostel,High
the notice board at the admin block is never updated no one has responded yet,Administration,Low
a classmate keeps making fun of me in front of everyone and it wont stop,Harassment,Medium
i ate from the cafeteria and got food poisoning i am in the medical room now please look into this,Cafeteria / Food,High
hi the admin staff gave me wrong information about the document requirements,Administration,Medium
portal has been down since 3 days and i cant check my timetable please help,IT / Portal,Medium
notifications on the portal are not working so i keep missing announcements please help,IT / Portal,Medium
i cant register for finals because the system keeps showing an error please resolve,IT / Portal,High
same food is being served every day for the past week no one has responded yet,Cafeteria / Food,Medium
i reported bullying last week but no one has followed up with me this needs to be fixed,Harassment,Medium
the bus is always too full and students are left behind at the stop this needs to be fixed,Transport,Medium
office hour timings are not posted anywhere in the department please help,Academics / Faculty,Low
hi a student vomited after eating from the cafeteria and went to hospital,Cafeteria / Food,High
bus seats are very uncomfortable and need to be replaced,Transport,Low
hi search on the portal is not useful it never finds what i need,IT / Portal,Low
the paint in the hostel rooms is very old and peeling i need help with this,Hostel,Low
portal has been down since 3 days and i cant check my timetable no one has responded yet,IT / Portal,Medium
the library notice board is very cluttered and hard to read kindly resolve this,Library,Low
the washing machines in the hostel have been broken for a week i need help with this,Hostel,Medium
the library has had no electricity for 2 days and all digital access is gone,Library,High
the university bus driver was driving very fast and it felt dangerous,Transport,High
the queue at the admin office is very disorganized it has been ignored for too long,Administration,Low
there are not enough bathrooms for the number of students in the hostel please look into this,Hostel,Medium
the library system deleted all my saved research and thesis deadline is tomorrow it has been ignored for too long,Library,High
there should be more interaction in class instead of only lecture delivery please help,Academics / Faculty,Low
chunks of the library ceiling fell onto the study tables this morning no one has responded yet,Library,High
cafeteria runs out of food by 1pm and many students are left with nothing kindly resolve this,Cafeteria / Food,Medium
the canteen is very unhygienic tables are never wiped between customers please help,Cafeteria / Food,Medium
someone else is logged into my student account and i dont know how i need help with this,IT / Portal,High
the bus timings should be adjusted to match the late class schedules please look into this,Transport,Low
students should be allowed to have a small personal fridge in the room no one has responded yet,Hostel,Low
i was beaten by three students near the hostel and security did nothing no one has responded yet,Harassment,High
the kitchen staff are not wearing gloves and touching food with bare hands this needs to be fixed,Cafeteria / Food,High
curfew rules in the hostel are different for different students unfairly i need help with this,Hostel,Medium
i am being stalked by a classmate and he waits outside my class every day it has been ignored for too long,Harassment,High
found broken plastic in my rice from the main canteen this needs to be fixed,Cafeteria / Food,High
we have had no teacher for this subject for the past 5 days i need help with this,Academics / Faculty,Medium
the queue system at the canteen is very unorganized this needs to be fixed,Cafeteria / Food,Low
there are no vegetarian options available at the cafeteria,Cafeteria / Food,Medium
attendance on the portal doesnt match what the teacher marked this needs to be fixed,IT / Portal,Medium
admin should clearly display how long each process takes no one has responded yet,Administration,Low
my teacher failed me on purpose because i complained about him last semester i need help with this,Harassment,High
the admin office never replies to emails or picks up the phone,Administration,Medium
the food portions have gotten smaller but the prices are the same please help,Cafeteria / Food,Medium
the cafeteria menu should have more variety please help,Cafeteria / Food,Low
the ac in the library has not worked for a week its too hot to study no one has responded yet,Library,Medium
cafeteria closes 30 minutes early and students with late classes go hungry,Cafeteria / Food,Medium
it would be nice if the canteen had a quiet section for eating alone no one has responded yet,Cafeteria / Food,Low
it would be helpful if lectures were recorded for revision please help,Academics / Faculty,Low
the portal should have a dark mode option kindly resolve this,IT / Portal,Low
chunks of the library ceiling fell onto the study tables this morning please look into this,Library,High
urgent a student in my hostel is threatening me and the warden is not helping,Hostel,High
hi the portal is very slow and takes forever to load any page,IT / Portal,Medium
admin office lost my original certificates that i submitted last month i need help with this,Administration,High
there should be a suggestion box at the cafeteria for feedback no one has responded yet,Cafeteria / Food,Low
hi the canteen near block b is always closed even during official hours,Cafeteria / Food,Medium
hi our teacher is always 20 to 30 minutes late to every class,Academics / Faculty,Medium
i have a disability and was denied extra time in the exam without reason this needs to be fixed,Academics / Faculty,High
the hostel rules should be clearly posted somewhere visible i need help with this,Hostel,Low
a student was assaulted near the library entrance and security was absent kindly resolve this,Library,High
lecture slides are uploaded after the class not before which is not helpful this needs to be fixed,Academics / Faculty,Medium
the portal should let us download our timetable as a pdf this needs to be fixed,IT / Portal,Low
hi my final year project file saved on the library computer was completely wiped,Library,High
cafeteria closes 30 minutes early and students with late classes go hungry please look into this,Cafeteria / Food,Medium
i feel discriminated against by a teacher based on where i am from,Harassment,Medium
portal has been down since 3 days and i cant check my timetable i need help with this,IT / Portal,Medium
i was wrongly charged double fees and the finance office is not responding no one has responded yet,Administration,High
urgent the driver drives through red signals and students are scared to speak up,Transport,High
the lms keeps logging me out every few minutes please help,IT / Portal,Medium
there are no anti harassment posters anywhere on campus no one has responded yet,Harassment,Low
the library was locked during announced open hours and students had no access please look into this,Library,High
the harassment reporting process is too complicated and discourages students please help,Harassment,Low
the library does not have enough copies of the books on the recommended list this needs to be fixed,Library,Medium
teacher gives assignments without clear instructions on what is expected it has been ignored for too long,Academics / Faculty,Low
the hostel guest sign in process takes too long,Hostel,Low
library staff are not helpful when students ask for assistance finding books i need help with this,Library,Medium
there has been no electricity in my hostel block for 2 days i need help with this,Hostel,High
some students use offensive language in class and it makes me uncomfortable,Harassment,Low
i was accused of cheating but i didnt cheat and no investigation was done,Academics / Faculty,High
it would be helpful if the portal showed assignment deadlines on the home page kindly resolve this,IT / Portal,Low
a teacher always singles me out and humiliates me in class please help,Harassment,Medium
a teacher threatened to fail me because i asked a question he didnt like please help,Academics / Faculty,High
hi students should be allowed to have a small personal fridge in the room,Hostel,Low
the bus stop near the hostel has no shade or shelter,Transport,Low
the hostel roof is leaking heavily and my belongings are getting damaged kindly resolve this,Hostel,High
the schedule shown at the stop does not match the actual timings it has been ignored for too long,Transport,Medium
my visa documents were lost by the admin office and i may face deportation no one has responded yet,Administration,High
hi found broken plastic in my rice from the main canteen,Cafeteria / Food,High
there was a small fire near the library electrical board and no one responded please help,Library,High
the cafeteria needs more seating especially during lunch time it has been ignored for too long,Cafeteria / Food,Low
hostel wifi goes off every night and i cant study i need help with this,Hostel,Medium
teacher uses very old examples that are not relevant to current topics please help,Academics / Faculty,Low
the portal is very slow and takes forever to load any page kindly resolve this,IT / Portal,Medium
a female student was harassed by the van driver and she is scared no one has responded yet,Transport,High
hi more storage space is needed in the hostel rooms,Hostel,Low
cafeteria closes 30 minutes early and students with late classes go hungry no one has responded yet,Cafeteria / Food,Medium
there should be an anonymous way to report harassment on campus please help,Harassment,Low
we are being tested on topics that were never taught in class it has been ignored for too long,Academics / Faculty,Medium
the lights in the hostel corridor have been broken for 5 days please help,Hostel,Medium
a student vomited after eating from the cafeteria and went to hospital no one has responded yet,Cafeteria / Food,High
the warden is never available when we have a complaint no one has responded yet,Hostel,Medium
we are being tested on topics that were never taught in class please look into this,Academics / Faculty,Medium
my teacher failed me on purpose because i complained about him last semester no one has responded yet,Harassment,High
it would be helpful if the canteen showed the daily menu online it has been ignored for too long,Cafeteria / Food,Low
the hostel roof is leaking heavily and my belongings are getting damaged please help,Hostel,High
the book i need is always marked as available but i can never find it please help,Library,Medium
the lms keeps logging me out every few minutes kindly resolve this,IT / Portal,Medium
i got locked out of my account and the reset email is not coming it has been ignored for too long,IT / Portal,High
the library has had no electricity for 2 days and all digital access is gone kindly resolve this,Library,High
hi the library catalogue online is not updated with new arrivals,Library,Low
notifications on the portal are not working so i keep missing announcements i need help with this,IT / Portal,Medium
my scholarship money has not arrived for 2 months and i cant pay rent,Administration,High
the deadline for document submission was not announced and i missed it kindly resolve this,Administration,Medium
i need a bonafide letter urgently but the office says it will take 2 weeks this needs to be fixed,Administration,Medium
library staff are not helpful when students ask for assistance finding books,Library,Medium
the warden is never available when we have a complaint it has been ignored for too long,Hostel,Medium
hi the bus driver was on his phone the entire journey,Transport,High
i submitted my assignment but the portal shows it as missing this needs to be fixed,IT / Portal,Medium
teacher gives assignments without clear instructions on what is expected no one has responded yet,Academics / Faculty,Low
a teacher threatened to fail me if i told anyone what he said to me please look into this,Harassment,High
an online appointment system would save a lot of time for students this needs to be fixed,Administration,Low
students are not informed when a bus trip is cancelled that day i need help with this,Transport,Medium
library computers are very slow and keep crashing this needs to be fixed,Library,Medium
the bus driver does not wait even 1 minute if students are slightly late,Transport,Medium
the hostel common room has no working fans during summer please look into this,Hostel,Medium
the meat served today smelled bad and looked discolored no one has responded yet,Cafeteria / Food,High
there are no vegetarian options available at the cafeteria no one has responded yet,Cafeteria / Food,Medium
a classmate makes rude comments about my background every day,Harassment,Medium
the library catalogue online is not updated with new arrivals please look into this,Library,Low
the wrong exam was given to our class and our result is now in question,Academics / Faculty,High
nutritional information should be displayed for each meal,Cafeteria / Food,Low
the trash area near the cafeteria is always messy i need help with this,Cafeteria / Food,Low
there should be a group discussion room in or near the library please look into this,Library,Low
students should be allowed to have a small personal fridge in the room please help,Hostel,Low
the bus is in very bad condition with broken seats and windows please help,Transport,Medium
hi there are rats in my hostel room and they have gotten into my food,Hostel,High
the library closes 30 minutes early and students with late classes cant use it kindly resolve this,Library,Medium
hi the portal doesnt work on my phone at all only on laptop,IT / Portal,Medium
i want to know what the university policy is if someone harasses a student please help,Harassment,Low
i reported bullying last week but no one has followed up with me please help,Harassment,Medium
the lights in the hostel corridor have been broken for 5 days please look into this,Hostel,Medium
a classmate records me during lectures without my knowledge or permission kindly resolve this,Harassment,Medium
admin office is only open for 2 hours a day which is very inconvenient please look into this,Administration,Medium
there was a small fire near the library electrical board and no one responded i need help with this,Library,High
the hostel rules should be clearly posted somewhere visible please look into this,Hostel,Low
found a cockroach inside my food at the canteen please look into this,Cafeteria / Food,High
hi i keep being told to come back tomorrow every time i visit the office,Administration,Medium
admin office lost my original certificates that i submitted last month please look into this,Administration,High
the library closes 30 minutes early and students with late classes cant use it it has been ignored for too long,Library,Medium
more variety of books related to our new courses should be added no one has responded yet,Library,Low
the ac in the library has not worked for a week its too hot to study it has been ignored for too long,Library,Medium
prices went up suddenly with no notice and no explanation i need help with this,Cafeteria / Food,Medium
the book search system in the library is confusing to use please look into this,Library,Low
the admin office never replies to emails or picks up the phone no one has responded yet,Administration,Medium
hi a student is spreading private photos of me without my permission,Harassment,High
hi the fire alarm in the hostel has never worked since i moved in,Hostel,High
i received racist abuse from a classmate and when i reported it nothing happened,Harassment,High
the bus stop near the hostel has no shade or shelter this needs to be fixed,Transport,Low
curfew rules in the hostel are different for different students unfairly,Hostel,Medium
a bicycle parking area near the bus stop would be convenient i need help with this,Transport,Low
the portal logs out automatically even during active use please help,IT / Portal,Low
my entire semester grades disappeared from the portal after the update please help,IT / Portal,High
the book search system in the library is confusing to use,Library,Low
i cant update my phone number on the portal profile,IT / Portal,Low
the teacher changes the quiz date without telling everyone,Academics / Faculty,Medium
i was marked as expelled by mistake and i have not been to any hearing no one has responded yet,Administration,High
hi a senior student has been threatening me and i am scared to come to campus,Harassment,High
no hot water in the hostel for the past 4 days,Hostel,Medium
hi the transport service was completely cancelled today with no notice,Transport,High
the canteen near block b is always closed even during official hours no one has responded yet,Cafeteria / Food,Medium
class starts on time but the room is always locked and we have to wait outside,Academics / Faculty,Low
i am being stalked by a classmate and he waits outside my class every day i need help with this,Harassment,High
seating in the cafeteria is not enough students have to eat standing i need help with this,Cafeteria / Food,Medium
the food portions have gotten smaller but the prices are the same please look into this,Cafeteria / Food,Medium
my final year project file saved on the library computer was completely wiped it has been ignored for too long,Library,High
the portal is very slow and takes forever to load any page please help,IT / Portal,Medium
canteen staff are rude and dismissive when students have complaints kindly resolve this,Cafeteria / Food,Medium
library computers are very slow and keep crashing,Library,Medium
urgent a teacher is forcing students to buy his own book or he deducts marks,Academics / Faculty,High
i was beaten by three students near the hostel and security did nothing it has been ignored for too long,Harassment,High
the driver drives through red signals and students are scared to speak up this needs to be fixed,Transport,High
the library roof is leaking badly and water is falling on books and computers please look into this,Library,High
there should be a clear list of required documents displayed at the office no one has responded yet,Administration,Low
urgent a teacher threatened to fail me because i asked a question he didnt like,Academics / Faculty,High
the portal doesnt work on my phone at all only on laptop this needs to be fixed,IT / Portal,Medium
the bus timings should be adjusted to match the late class schedules please help,Transport,Low
the wrong exam was given to our class and our result is now in question kindly resolve this,Academics / Faculty,High
the portal should have a dark mode option this needs to be fixed,IT / Portal,Low
teacher uses very old examples that are not relevant to current topics,Academics / Faculty,Low
hi multiple students got sick after eating from the hostel canteen yesterday,Cafeteria / Food,High
a complaint or feedback option for transport would be useful it has been ignored for too long,Transport,Low
hi my degree was issued with the wrong name and admin is refusing to correct it,Administration,High
a senior student keeps pressuring me to do things i am not comfortable with it has been ignored for too long,Harassment,Medium
i received racist abuse from a classmate and when i reported it nothing happened this needs to be fixed,Harassment,High
the library has had no electricity for 2 days and all digital access is gone please help,Library,High
a student is spreading private photos of me without my permission it has been ignored for too long,Harassment,High
the hostel roof is leaking heavily and my belongings are getting damaged this needs to be fixed,Hostel,High
more charging points are needed in the library kindly resolve this,Library,Low
the system wrongly submitted an empty file instead of my actual assignment please help,IT / Portal,High
study room booking in the library is very unfair some groups book all day,Library,Medium
teacher should use more examples to explain difficult topics please help,Academics / Faculty,Low
admin office lost my original certificates that i submitted last month,Administration,High
the portal logs out automatically even during active use i need help with this,IT / Portal,Low
the harassment reporting process is too complicated and discourages students please look into this,Harassment,Low
a teacher shared the exam paper with some students before the test please look into this,Academics / Faculty,High
the canteen should offer a student discount card please help,Cafeteria / Food,Low
my exam registration was rejected with no reason and finals are next week kindly resolve this,Administration,High
teacher has been absent for 2 weeks and no replacement has been arranged this needs to be fixed,Academics / Faculty,High
teacher does not respond to emails even after several days,Academics / Faculty,Medium
there should be a live tracker for the university bus no one has responded yet,Transport,Low
admin should clearly display how long each process takes,Administration,Low
my final year project file saved on the library computer was completely wiped please help,Library,High
the canteen is very unhygienic tables are never wiped between customers,Cafeteria / Food,Medium
the exam portal crashed during my online test and my answers were lost please look into this,IT / Portal,High
there is raw sewage overflowing in the hostel bathroom area please look into this,Hostel,High
the forms at the admin office are outdated and confusing please look into this,Administration,Low
i heard some students making fun of a disabled student and nobody said anything this needs to be fixed,Harassment,Low
i am being blackmailed by a senior student and i dont know what to do this needs to be fixed,Harassment,High
my account got hacked and someone changed my password i cant login please help,IT / Portal,High
the portal logs out automatically even during active use this needs to be fixed,IT / Portal,Low
the lights in the hostel corridor have been broken for 5 days it has been ignored for too long,Hostel,Medium
i was suspended from class without any warning or proper reason given,Academics / Faculty,High
the portal design is very confusing and hard to navigate no one has responded yet,IT / Portal,Low
portal is down and i cant submit my assignment the deadline is today it has been ignored for too long,IT / Portal,High
my final result shows fail but i passed all my assessments no one has responded yet,Academics / Faculty,High
the font on the portal is too small and hard to read kindly resolve this,IT / Portal,Low
the canteen near block b is always closed even during official hours it has been ignored for too long,Cafeteria / Food,Medium
there is no clear process explained for how to appeal an exam result,Administration,Medium
there should be a dedicated quiet study area in the hostel,Hostel,Low
library staff are not helpful when students ask for assistance finding books no one has responded yet,Library,Medium
seating in the cafeteria is not enough students have to eat standing please look into this,Cafeteria / Food,Medium
the hostel guest sign in process takes too long please look into this,Hostel,Low
hi the van service was reduced from 3 trips to 1 without telling anyone,Transport,Medium
more charging points are needed in the library i need help with this,Library,Low
hi the mid term results were never announced and exams are next week,Academics / Faculty,Medium
hi the admin office should have a separate window for urgent requests,Administration,Low
i am being blackmailed by a senior student and i dont know what to do kindly resolve this,Harassment,High
class starts on time but the room is always locked and we have to wait outside no one has responded yet,Academics / Faculty,Low
urgent the bus has no working seatbelts and students are at risk,Transport,High
some students make inappropriate jokes in class and the teacher ignores it,Harassment,Low
lecture slides are uploaded after the class not before which is not helpful no one has responded yet,Academics / Faculty,Medium
the book search system in the library is confusing to use please help,Library,Low
teacher is not available during office hours when students need help,Academics / Faculty,Medium
there should be a clear list of required documents displayed at the office it has been ignored for too long,Administration,Low
urgent i was marked as expelled by mistake and i have not been to any hearing,Administration,High
there should be a mobile app for the student portal please help,IT / Portal,Low
my course enrollment shows errors but admin says they cant fix it now i need help with this,Administration,Medium
hostel room was given to two students and there is a conflict please help,Hostel,Medium
a student in my hostel is threatening me and the warden is not helping no one has responded yet,Hostel,High
the exam portal crashed during my online test and my answers were lost i need help with this,IT / Portal,High
the portal is not opening at all and my project submission closes in 2 hours no one has responded yet,IT / Portal,High
i enrolled in the wrong section by mistake and cant change it please help,IT / Portal,Medium
i was suspended from class without any warning or proper reason given please look into this,Academics / Faculty,High
a student vomited after eating from the cafeteria and went to hospital please help,Cafeteria / Food,High
students should be allowed to have a small personal fridge in the room i need help with this,Hostel,Low
i submitted my assignment but the portal shows it as missing please look into this,IT / Portal,Medium
it would help if bus cancellations were announced on the portal i need help with this,Transport,Low
bus timings during exams were changed and students missed the paper this needs to be fixed,Transport,Medium
the library roof is leaking badly and water is falling on books and computers this needs to be fixed,Library,High
the library system deleted all my saved research and thesis deadline is tomorrow please look into this,Library,High
the bus has no working seatbelts and students are at risk please help,Transport,High
i keep being told to come back tomorrow every time i visit the office please help,Administration,Medium
i feel discriminated against by a teacher based on where i am from it has been ignored for too long,Harassment,Medium
hi the bus is always too full and students are left behind at the stop,Transport,Medium
study room booking in the library is very unfair some groups book all day it has been ignored for too long,Library,Medium
my enrollment was cancelled without any warning and i found out from a friend this needs to be fixed,Administration,High
hi i was marked as expelled by mistake and i have not been to any hearing,Administration,High
there has been no electricity in my hostel block for 2 days no one has responded yet,Hostel,High
curfew rules in the hostel are different for different students unfairly no one has responded yet,Hostel,Medium
the bus timings should be adjusted to match the late class schedules,Transport,Low
teacher should use more examples to explain difficult topics kindly resolve this,Academics / Faculty,Low
my group members are excluding me from everything and not sharing project work this needs to be fixed,Harassment,Medium
portal is down and i cant submit my assignment the deadline is today please help,IT / Portal,High
portal is down and i cant submit my assignment the deadline is today kindly resolve this,IT / Portal,High
the hostel rules should be clearly posted somewhere visible,Hostel,Low
hi a teacher shared the exam paper with some students before the test,Academics / Faculty,High
the library closes 30 minutes early and students with late classes cant use it,Library,Medium
i got locked out of my account and the reset email is not coming please look into this,IT / Portal,High
teacher hasnt returned our assignments for over a week this needs to be fixed,Academics / Faculty,Medium
a teacher threatened to fail me if i told anyone what he said to me please help,Harassment,High
the course outline on the portal does not match what is being taught i need help with this,Academics / Faculty,Low
teacher covers too much in one class and does not check if we understand please help,Academics / Faculty,Medium
portal is down and i cant submit my assignment the deadline is today please look into this,IT / Portal,High
my friend has a nut allergy and the food was mislabeled and she had a reaction please help,Cafeteria / Food,High
i was suspended wrongly and the admin office is not responding to my emails no one has responded yet,Administration,High
a teacher is giving better marks to students he likes and ignoring the rest of us no one has responded yet,Harassment,Medium
the payment portal is showing my fees as unpaid even though i paid yesterday please help,IT / Portal,High
the library was locked during announced open hours and students had no access no one has responded yet,Library,High
portal has been down since 3 days and i cant check my timetable it has been ignored for too long,IT / Portal,Medium
someone is spreading false rumors about me in the department,Harassment,Medium
the deadline for document submission was not announced and i missed it please help,Administration,Medium
there should be a mobile app for the student portal kindly resolve this,IT / Portal,Low
hi there is no way to track the status of a complaint on the portal,IT / Portal,Low
urgent the library was locked during announced open hours and students had no access,Library,High
i keep being told to come back tomorrow every time i visit the office no one has responded yet,Administration,Medium
urgent found a cockroach inside my food at the canteen,Cafeteria / Food,High
the bus driver does not wait even 1 minute if students are slightly late i need help with this,Transport,Medium
the bus is always too full and students are left behind at the stop i need help with this,Transport,Medium
the bus driver doesnt announce stops so new students get confused i need help with this,Transport,Low
a teacher shared the exam paper with some students before the test no one has responded yet,Academics / Faculty,High
search on the portal is not useful it never finds what i need this needs to be fixed,IT / Portal,Low
we are being tested on topics that were never taught in class,Academics / Faculty,Medium
the brakes of the university van made a loud noise and felt like they failed,Transport,High
hi i was accused of cheating but i didnt cheat and no investigation was done,Academics / Faculty,High
more charging points are needed in the library please help,Library,Low
our teacher is always 20 to 30 minutes late to every class,Academics / Faculty,Medium
my hostel room was given to someone else while my stuff was still in it this needs to be fixed,Hostel,Medium
admin office lost my original certificates that i submitted last month this needs to be fixed,Administration,High
a student collapsed in the hostel and there was no first aid available this needs to be fixed,Hostel,High
my account got hacked and someone changed my password i cant login no one has responded yet,IT / Portal,High
urgent the fire alarm in the hostel has never worked since i moved in,Hostel,High
i cant upload my assignment the file size limit is too low no one has responded yet,IT / Portal,Medium
lecture slides have very small text and are hard to read i need help with this,Academics / Faculty,Low
i received racist abuse from a classmate and when i reported it nothing happened please look into this,Harassment,High
i keep being told to come back tomorrow every time i visit the office,Administration,Medium
i reported bullying last week but no one has followed up with me i need help with this,Harassment,Medium
the admin office never replies to emails or picks up the phone i need help with this,Administration,Medium
the waiting area in the admin office has no chairs i need help with this,Administration,Low
cafeteria closes 30 minutes early and students with late classes go hungry i need help with this,Cafeteria / Food,Medium
the driver drives through red signals and students are scared to speak up it has been ignored for too long,Transport,High
i cant upload my assignment the file size limit is too low,IT / Portal,Medium
urgent someone else is logged into my student account and i dont know how,IT / Portal,High
notifications on the portal are not working so i keep missing announcements it has been ignored for too long,IT / Portal,Medium
the portal should show which assignments have been graded already kindly resolve this,IT / Portal,Low
my account got hacked and someone changed my password i cant login this needs to be fixed,IT / Portal,High
my assignment marks were given to the wrong student in the system please look into this,Academics / Faculty,High
urgent my account got hacked and someone changed my password i cant login,IT / Portal,High
the bus driver doesnt announce stops so new students get confused no one has responded yet,Transport,Low
a female student was harassed by the van driver and she is scared i need help with this,Transport,High
search on the portal is not useful it never finds what i need please help,IT / Portal,Low
the portal keeps saying session expired even when i just logged in this needs to be fixed,IT / Portal,Medium
same food is being served every day for the past week kindly resolve this,Cafeteria / Food,Medium
the meat served today smelled bad and looked discolored please help,Cafeteria / Food,High
the portal keeps saying session expired even when i just logged in no one has responded yet,IT / Portal,Medium
the exam portal crashed during my online test and my answers were lost please help,IT / Portal,High
more variety of books related to our new courses should be added,Library,Low
a student was threatened by the driver when she complained about his driving,Transport,High
hi a teacher is forcing students to buy his own book or he deducts marks,Academics / Faculty,High
the bus driver doesnt announce stops so new students get confused this needs to be fixed,Transport,Low
the cafeteria menu should have more variety i need help with this,Cafeteria / Food,Low
attendance on the portal doesnt match what the teacher marked no one has responded yet,IT / Portal,Medium
it would be helpful if the portal showed assignment deadlines on the home page i need help with this,IT / Portal,Low
some seniors talk down to juniors and it creates a bad environment please help,Harassment,Low
the driver was clearly not well and was driving in a dangerous manner,Transport,High
the canteen near block b is always closed even during official hours i need help with this,Cafeteria / Food,Medium
office hours should be extended at least during exam registration period it has been ignored for too long,Administration,Low
portal has been down since 3 days and i cant check my timetable please look into this,IT / Portal,Medium
the lighting in some parts of the library is too dim please help,Library,Low
office hour timings are not posted anywhere in the department no one has responded yet,Academics / Faculty,Low
mold is growing on the walls of my hostel room and i have breathing problems kindly resolve this,Hostel,High
i submitted my assignment but the portal shows it as missing,IT / Portal,Medium
i heard some students making fun of a disabled student and nobody said anything,Harassment,Low
my login is being used from another device and i never shared my password kindly resolve this,IT / Portal,High
my final year project file saved on the library computer was completely wiped,Library,High
hi office hours should be extended at least during exam registration period,Administration,Low
there should be a suggestion box at the cafeteria for feedback,Cafeteria / Food,Low
the bus stop near the hostel has no shade or shelter it has been ignored for too long,Transport,Low
the bus should have a designated seat for students with disabilities it has been ignored for too long,Transport,Low
the schedule shown at the stop does not match the actual timings please look into this,Transport,Medium
the meat served today smelled bad and looked discolored it has been ignored for too long,Cafeteria / Food,High
a grab and go option would be useful for students between classes it has been ignored for too long,Cafeteria / Food,Low
a classmate records me during lectures without my knowledge or permission please help,Harassment,Medium
it would be helpful if the portal showed assignment deadlines on the home page it has been ignored for too long,IT / Portal,Low
urgent the bus left students stranded in the rain at night with no communication,Transport,High
a female student was touched inappropriately by a staff member in the corridor please look into this,Harassment,High
it would help if admin sent updates when documents are ready for pickup it has been ignored for too long,Administration,Low
hi the lms keeps logging me out every few minutes,IT / Portal,Medium
ac in the university bus has not worked for a week,Transport,Medium
it would be nice if the teacher held an extra revision session before exams kindly resolve this,Academics / Faculty,Low
urgent a female student was touched inappropriately by a staff member in the corridor,Harassment,High
more power sockets are needed in the hostel rooms kindly resolve this,Hostel,Low
my grade correction request has been pending for over a week need help,Administration,Medium
the lms keeps logging me out every few minutes,IT / Portal,Medium
the system wrongly submitted an empty file instead of my actual assignment no one has responded yet,IT / Portal,High
a small study table in each hostel room would be very helpful i need help with this,Hostel,Low
a complaint or feedback option for transport would be useful i need help with this,Transport,Low
students in the common room are very loud and disrespectful to others no one has responded yet,Harassment,Low
it would help if teacher gave feedback on assignments not just a grade it has been ignored for too long,Academics / Faculty,Low
urgent there is toxic mold in the library reading room and students are coughing,Library,High
hi the bus broke down at night in an empty area and we were stranded,Transport,High
the system wrongly submitted an empty file instead of my actual assignment please look into this,IT / Portal,High
hi no hot water in the hostel for the past 4 days,Hostel,Medium
hi applied for my transcript 2 weeks ago and still havent received it,Administration,Medium
admin office is only open for 2 hours a day which is very inconvenient,Administration,Medium
hi the notice board at the admin block is never updated,Administration,Low
hi i cant register for finals because the system keeps showing an error,IT / Portal,High
there is no water in the hostel since yesterday and we cant even wash please help,Hostel,High
teacher should share a reading list at the start of the course please help,Academics / Faculty,Low
the library should offer headphone rentals for students i need help with this,Library,Low
i missed a job application because the admin office delayed my transcript for 3 weeks,Administration,High
i ate from the cafeteria and got food poisoning i am in the medical room now kindly resolve this,Cafeteria / Food,High
the library notice board is very cluttered and hard to read i need help with this,Library,Low
a student collapsed in the hostel and there was no first aid available it has been ignored for too long,Hostel,High
ac in the university bus has not worked for a week no one has responded yet,Transport,Medium
there should be a dedicated quiet study area in the hostel please look into this,Hostel,Low
i feel discriminated against by a teacher based on where i am from kindly resolve this,Harassment,Medium
the bus timings should be adjusted to match the late class schedules i need help with this,Transport,Low
hi a student was attacked in the hostel corridor and security did nothing,Hostel,High
hi hostel wifi goes off every night and i cant study,Hostel,Medium
attendance on the portal doesnt match what the teacher marked kindly resolve this,IT / Portal,Medium
it would be nice if the teacher held an extra revision session before exams no one has responded yet,Academics / Faculty,Low
a student collapsed in the hostel and there was no first aid available please look into this,Hostel,High
my friend has a nut allergy and the food was mislabeled and she had a reaction no one has responded yet,Cafeteria / Food,High
my entire semester grades disappeared from the portal after the update,IT / Portal,High
cafeteria runs out of food by 1pm and many students are left with nothing please help,Cafeteria / Food,Medium
no hot water in the hostel for the past 4 days it has been ignored for too long,Hostel,Medium
the portal should let us download our timetable as a pdf please look into this,IT / Portal,Low
portal has been down since 3 days and i cant check my timetable this needs to be fixed,IT / Portal,Medium
i keep being told to come back tomorrow every time i visit the office it has been ignored for too long,Administration,Medium
a teacher is giving better marks to students he likes and ignoring the rest of us,Harassment,Medium
the hostel entrance light is broken and it gets dark at night kindly resolve this,Hostel,Low
i keep being told to come back tomorrow every time i visit the office i need help with this,Administration,Medium
study room booking in the library is very unfair some groups book all day please help,Library,Medium
a female student was harassed by the van driver and she is scared please help,Transport,High
the bus is always too full and students are left behind at the stop it has been ignored for too long,Transport,Medium
the water coming from the tap in the hostel is brown and smells bad please look into this,Hostel,High
portal is down and i cant submit my assignment the deadline is today i need help with this,IT / Portal,High
students in the common room are very loud and disrespectful to others this needs to be fixed,Harassment,Low
class starts on time but the room is always locked and we have to wait outside i need help with this,Academics / Faculty,Low
someone sent me threatening messages saying they will hurt me if i report them kindly resolve this,Harassment,High
seating in the cafeteria is not enough students have to eat standing please help,Cafeteria / Food,Medium
i reported bullying last week but no one has followed up with me kindly resolve this,Harassment,Medium
cafeteria closes 30 minutes early and students with late classes go hungry please help,Cafeteria / Food,Medium
a grab and go option would be useful for students between classes please look into this,Cafeteria / Food,Low
hi bus seats are very uncomfortable and need to be replaced,Transport,Low
the admin office staff should be trained to be more helpful to students kindly resolve this,Administration,Low
there are no anti harassment posters anywhere on campus please look into this,Harassment,Low
the hostel roof is leaking heavily and my belongings are getting damaged please look into this,Hostel,High
i was robbed inside the library and the security cameras were not on it has been ignored for too long,Library,High
the admin office staff should be trained to be more helpful to students please look into this,Administration,Low
the cafeteria needs more seating especially during lunch time,Cafeteria / Food,Low
teacher has been absent for 2 weeks and no replacement has been arranged i need help with this,Academics / Faculty,High
the course outline on the portal does not match what is being taught it has been ignored for too long,Academics / Faculty,Low
the printer in the library has been broken for 5 days,Library,Medium
the food portions have gotten smaller but the prices are the same,Cafeteria / Food,Medium
office hour timings are not posted anywhere in the department kindly resolve this,Academics / Faculty,Low
hi my grade was changed without any reason and i never received an explanation,Academics / Faculty,High
the forms at the admin office are outdated and confusing this needs to be fixed,Administration,Low
teacher gives assignments without clear instructions on what is expected i need help with this,Academics / Faculty,Low
hostel wifi goes off every night and i cant study please help,Hostel,Medium
the washing machines in the hostel have been broken for a week please help,Hostel,Medium
i keep being told to come back tomorrow every time i visit the office please look into this,Administration,Medium
i missed a job application because the admin office delayed my transcript for 3 weeks i need help with this,Administration,High
my group members are excluding me from everything and not sharing project work kindly resolve this,Harassment,Medium
lecture slides have very small text and are hard to read please look into this,Academics / Faculty,Low
the bus has no working seatbelts and students are at risk kindly resolve this,Transport,High
hi i reported bullying last week but no one has followed up with me,Harassment,Medium
a grab and go option would be useful for students between classes i need help with this,Cafeteria / Food,Low
the food in the cafeteria smells rotten and students are still being served it please help,Cafeteria / Food,High
teacher should use more examples to explain difficult topics no one has responded yet,Academics / Faculty,Low
i was marked as expelled by mistake and i have not been to any hearing,Administration,High
it would be helpful if the canteen showed the daily menu online no one has responded yet,Cafeteria / Food,Low
a female student was harassed by the van driver and she is scared kindly resolve this,Transport,High
the paint in the hostel rooms is very old and peeling kindly resolve this,Hostel,Low
a student was threatened by the driver when she complained about his driving kindly resolve this,Transport,High
hi it would help to have the cleaning schedule posted in the hostel,Hostel,Low
bus timings during exams were changed and students missed the paper no one has responded yet,Transport,Medium
a student collapsed in the hostel and there was no first aid available please help,Hostel,High
hi the pick up point near block a is too far for students with heavy bags,Transport,Low
the library has had no electricity for 2 days and all digital access is gone this needs to be fixed,Library,High
it would be helpful if we could track the status of submitted requests online please look into this,Administration,Low
no halal options are available at the main cafeteria i need help with this,Cafeteria / Food,Medium
someone else is logged into my student account and i dont know how no one has responded yet,IT / Portal,High
the admin office staff should be trained to be more helpful to students no one has responded yet,Administration,Low
found broken plastic in my rice from the main canteen kindly resolve this,Cafeteria / Food,High
there has been no electricity in my hostel block for 2 days kindly resolve this,Hostel,High
hi it would be helpful if lectures were recorded for revision,Academics / Faculty,Low
the bus was so overcrowded a student fell and got injured please help,Transport,High
urgent i got locked out of my account and the reset email is not coming,IT / Portal,High
attendance on the portal doesnt match what the teacher marked please look into this,IT / Portal,Medium
my grade correction request has been pending for over a week it has been ignored for too long,Administration,Medium
the cafeteria needs more seating especially during lunch time i need help with this,Cafeteria / Food,Low
bus seats are very uncomfortable and need to be replaced no one has responded yet,Transport,Low
urgent the food in the cafeteria smells rotten and students are still being served it,Cafeteria / Food,High
the notice board at the admin block is never updated this needs to be fixed,Administration,Low
urgent i was accused of cheating but i didnt cheat and no investigation was done,Academics / Faculty,High
the library roof is leaking badly and water is falling on books and computers it has been ignored for too long,Library,High
hi a classmate keeps making fun of me in front of everyone and it wont stop,Harassment,Medium
a teacher is giving better marks to students he likes and ignoring the rest of us kindly resolve this,Harassment,Medium
i was wrongly charged double fees and the finance office is not responding please help,Administration,High
the canteen is very unhygienic tables are never wiped between customers no one has responded yet,Cafeteria / Food,Medium
the meat served today smelled bad and looked discolored kindly resolve this,Cafeteria / Food,High
library has been closed for 4 days without telling students why please look into this,Library,Medium
there is no clear information on campus about where to go if harassed kindly resolve this,Harassment,Low
more power sockets are needed in the hostel rooms no one has responded yet,Hostel,Low
the notice board in the hostel has very old information on it please help,Hostel,Low
the bus driver does not wait even 1 minute if students are slightly late this needs to be fixed,Transport,Medium
the teacher changes the quiz date without telling everyone please look into this,Academics / Faculty,Medium
the portal should show which assignments have been graded already this needs to be fixed,IT / Portal,Low
applied for my transcript 2 weeks ago and still havent received it,Administration,Medium
someone else is logged into my student account and i dont know how it has been ignored for too long,IT / Portal,High
it would help if teacher gave feedback on assignments not just a grade i need help with this,Academics / Faculty,Low
the portal doesnt work on my phone at all only on laptop,IT / Portal,Medium
more variety of books related to our new courses should be added i need help with this,Library,Low
the waiting area in the admin office has no chairs,Administration,Low
hi same food is being served every day for the past week,Cafeteria / Food,Medium
the hostel common room has no working fans during summer please help,Hostel,Medium
not enough seats in the library during exam season please help,Library,Medium
name correction request submitted 10 days ago and no update yet it has been ignored for too long,Administration,Medium
applied for my transcript 2 weeks ago and still havent received it i need help with this,Administration,Medium
urgent i was robbed inside the library and the security cameras were not on,Library,High
library should stay open later during exams no one has responded yet,Library,Low
urgent my grade was changed without any reason and i never received an explanation,Academics / Faculty,High
a classmate records me during lectures without my knowledge or permission i need help with this,Harassment,Medium
office hours should be extended at least during exam registration period kindly resolve this,Administration,Low
the portal deleted my submitted assignment and now its showing not submitted please look into this,IT / Portal,High
hi admin should clearly display how long each process takes,Administration,Low
the hostel generator doesnt turn on during load shedding it has been ignored for too long,Hostel,Medium
there was a small fire near the library electrical board and no one responded no one has responded yet,Library,High
it would be nice if the canteen had a quiet section for eating alone this needs to be fixed,Cafeteria / Food,Low
the portal should let us download our timetable as a pdf,IT / Portal,Low
my hostel room was given to someone else while my stuff was still in it please look into this,Hostel,Medium
the admin office should have a separate window for urgent requests,Administration,Low
there is raw sewage overflowing in the hostel bathroom area it has been ignored for too long,Hostel,High
bus timings during exams were changed and students missed the paper please help,Transport,Medium
cold food is being served as if it is freshly cooked this needs to be fixed,Cafeteria / Food,Medium
hi i heard some students making fun of a disabled student and nobody said anything,Harassment,Low
it would be nice if the canteen had a quiet section for eating alone please look into this,Cafeteria / Food,Low
the admin staff gave me wrong information about the document requirements,Administration,Medium
i was wrongly charged double fees and the finance office is not responding i need help with this,Administration,High
we have had no teacher for this subject for the past 5 days this needs to be fixed,Academics / Faculty,Medium
the meat served today smelled bad and looked discolored this needs to be fixed,Cafeteria / Food,High
hi we are being tested on topics that were never taught in class,Academics / Faculty,Medium
the font on the portal is too small and hard to read it has been ignored for too long,IT / Portal,Low
teacher should share a reading list at the start of the course please look into this,Academics / Faculty,Low
the library catalogue online is not updated with new arrivals kindly resolve this,Library,Low
the bus is always too full and students are left behind at the stop no one has responded yet,Transport,Medium
applied for my transcript 2 weeks ago and still havent received it kindly resolve this,Administration,Medium
hi more power sockets are needed in the hostel rooms,Hostel,Low
the notice board in the hostel has very old information on it it has been ignored for too long,Hostel,Low
the bus is in very bad condition with broken seats and windows no one has responded yet,Transport,Medium
the cafeteria menu should have more variety,Cafeteria / Food,Low
hi there should be a clear list of required documents displayed at the office,Administration,Low
i was wrongly charged double fees and the finance office is not responding,Administration,High
my fee receipt is not generating even though payment was successful,IT / Portal,Medium
the bus broke down at night in an empty area and we were stranded it has been ignored for too long,Transport,High
urgent the wrong exam was given to our class and our result is now in question,Academics / Faculty,High
hi the admin office staff should be trained to be more helpful to students,Administration,Low
the admin office should have a separate window for urgent requests please look into this,Administration,Low
the canteen is very unhygienic tables are never wiped between customers i need help with this,Cafeteria / Food,Medium
the cafeteria needs more seating especially during lunch time please look into this,Cafeteria / Food,Low
my visa documents were lost by the admin office and i may face deportation it has been ignored for too long,Administration,High
the hostel generator doesnt turn on during load shedding kindly resolve this,Hostel,Medium
hi the library system deleted all my saved research and thesis deadline is tomorrow,Library,High
the hostel entrance light is broken and it gets dark at night i need help with this,Hostel,Low
same food is being served every day for the past week,Cafeteria / Food,Medium
the bus driver doesnt announce stops so new students get confused it has been ignored for too long,Transport,Low
no halal options are available at the main cafeteria it has been ignored for too long,Cafeteria / Food,Medium
teacher uses very old examples that are not relevant to current topics it has been ignored for too long,Academics / Faculty,Low
teacher should share a reading list at the start of the course,Academics / Faculty,Low
the harassment reporting process is too complicated and discourages students i need help with this,Harassment,Low
urgent i am being blackmailed by a senior student and i dont know what to do,Harassment,High
my entire semester grades disappeared from the portal after the update i need help with this,IT / Portal,High
students are not informed when a bus trip is cancelled that day kindly resolve this,Transport,Medium
there should be a student support group for people who face bullying i need help with this,Harassment,Low
a teacher always singles me out and humiliates me in class,Harassment,Medium
the portal should have a dark mode option please look into this,IT / Portal,Low
urgent the admin office shared my personal information with someone outside the university,Administration,High
hi there should be a live tracker for the university bus,Transport,Low
hostel wifi goes off every night and i cant study,Hostel,Medium
hi the lights in the hostel corridor have been broken for 5 days,Hostel,Medium
teacher does not respond to emails even after several days i need help with this,Academics / Faculty,Medium
the payment portal is showing my fees as unpaid even though i paid yesterday this needs to be fixed,IT / Portal,High
a student collapsed in the hostel and there was no first aid available kindly resolve this,Hostel,High
no halal options are available at the main cafeteria please look into this,Cafeteria / Food,Medium
hi the paint in the hostel rooms is very old and peeling,Hostel,Low
the ac in the library has not worked for a week its too hot to study i need help with this,Library,Medium
a group of students physically pushed me near the parking area i need help with this,Harassment,High
the portal is not opening at all and my project submission closes in 2 hours kindly resolve this,IT / Portal,High
the library should offer headphone rentals for students please look into this,Library,Low
we are being tested on topics that were never taught in class no one has responded yet,Academics / Faculty,Medium
the lighting in some parts of the library is too dim no one has responded yet,Library,Low
the notice board in the hostel has very old information on it this needs to be fixed,Hostel,Low
the cafeteria needs better lighting it is too dim inside no one has responded yet,Cafeteria / Food,Low
the bus driver was on his phone the entire journey kindly resolve this,Transport,High
teacher uses very old examples that are not relevant to current topics this needs to be fixed,Academics / Faculty,Low
i cant update my phone number on the portal profile please help,IT / Portal,Low
the canteen should offer a student discount card kindly resolve this,Cafeteria / Food,Low
hi the university should have more awareness sessions about bullying,Harassment,Low
office hour timings are not posted anywhere in the department,Academics / Faculty,Low
urgent the meat served today smelled bad and looked discolored,Cafeteria / Food,High
a student was assaulted near the library entrance and security was absent it has been ignored for too long,Library,High
bus timings during exams were changed and students missed the paper,Transport,Medium
hi it would be nice if the teacher held an extra revision session before exams,Academics / Faculty,Low
a classmate makes rude comments about my background every day it has been ignored for too long,Harassment,Medium
admin office is only open for 2 hours a day which is very inconvenient kindly resolve this,Administration,Medium
urgent multiple students got sick after eating from the hostel canteen yesterday,Cafeteria / Food,High
the schedule shown at the stop does not match the actual timings i need help with this,Transport,Medium
teacher is not available during office hours when students need help kindly resolve this,Academics / Faculty,Medium
i enrolled in the wrong section by mistake and cant change it please look into this,IT / Portal,Medium
there is no clear information on campus about where to go if harassed no one has responded yet,Harassment,Low
library should stay open later during exams it has been ignored for too long,Library,Low
the cafeteria needs better lighting it is too dim inside please help,Cafeteria / Food,Low
hi teacher does not respond to emails even after several days,Academics / Faculty,Medium
hi more variety of books related to our new courses should be added,Library,Low
the portal shows wrong grades for two of my subjects kindly resolve this,IT / Portal,Medium
cold food is being served as if it is freshly cooked please look into this,Cafeteria / Food,Medium
the bus broke down at night in an empty area and we were stranded i need help with this,Transport,High
the library should offer headphone rentals for students it has been ignored for too long,Library,Low
hi the cooking area in the canteen has visible mold and is never cleaned,Cafeteria / Food,High
i was suspended from class without any warning or proper reason given no one has responded yet,Academics / Faculty,High
the water coming from the tap in the hostel is brown and smells bad it has been ignored for too long,Hostel,High
i saw sparks coming out of the electrical socket in my hostel room this needs to be fixed,Hostel,High
the payment portal is showing my fees as unpaid even though i paid yesterday kindly resolve this,IT / Portal,High
a classmate keeps making fun of me in front of everyone and it wont stop this needs to be fixed,Harassment,Medium
someone sent me threatening messages saying they will hurt me if i report them please help,Harassment,High
the admin office shared my personal information with someone outside the university please help,Administration,High
the forms at the admin office are outdated and confusing no one has responded yet,Administration,Low
a student was assaulted near the library entrance and security was absent this needs to be fixed,Library,High
there should be more interaction in class instead of only lecture delivery this needs to be fixed,Academics / Faculty,Low
the library was locked during announced open hours and students had no access i need help with this,Library,High
the library closes 30 minutes early and students with late classes cant use it this needs to be fixed,Library,Medium
teacher should use more examples to explain difficult topics please look into this,Academics / Faculty,Low
same food is being served every day for the past week please help,Cafeteria / Food,Medium
the lms keeps logging me out every few minutes it has been ignored for too long,IT / Portal,Medium
the canteen near block b is always closed even during official hours,Cafeteria / Food,Medium
the transport service was completely cancelled today with no notice i need help with this,Transport,High
i am being stalked by a classmate and he waits outside my class every day kindly resolve this,Harassment,High
a teacher always singles me out and humiliates me in class kindly resolve this,Harassment,Medium
the library does not have enough copies of the books on the recommended list no one has responded yet,Library,Medium
admin office lost my original certificates that i submitted last month please help,Administration,High
my grade was changed without any reason and i never received an explanation no one has responded yet,Academics / Faculty,High
the hostel canteen closes too early and night students go hungry i need help with this,Hostel,Medium
my visa documents were lost by the admin office and i may face deportation please help,Administration,High
my friend has a nut allergy and the food was mislabeled and she had a reaction kindly resolve this,Cafeteria / Food,High
a student fainted in the library due to heat and no staff came to help please help,Library,High
the food being served is clearly expired the packaging dates were scratched off this needs to be fixed,Cafeteria / Food,High
urgent the hostel roof is leaking heavily and my belongings are getting damaged,Hostel,High
the admin office should have a separate window for urgent requests this needs to be fixed,Administration,Low
hi the hostel common room needs better furniture,Hostel,Low
the library notice board is very cluttered and hard to read please look into this,Library,Low
my thesis supervisor disappeared and is not responding since 3 weeks please help,Academics / Faculty,High
the portal is not opening at all and my project submission closes in 2 hours please look into this,IT / Portal,High
my group members are excluding me from everything and not sharing project work no one has responded yet,Harassment,Medium
there is no water in the hostel since yesterday and we cant even wash kindly resolve this,Hostel,High
a student was attacked in the hostel corridor and security did nothing no one has responded yet,Hostel,High
bus seats are very uncomfortable and need to be replaced i need help with this,Transport,Low
a teacher is giving better marks to students he likes and ignoring the rest of us it has been ignored for too long,Harassment,Medium
i heard some students making fun of a disabled student and nobody said anything please help,Harassment,Low
hi the harassment reporting process is too complicated and discourages students,Harassment,Low
hi the portal should have a dark mode option,IT / Portal,Low
seating in the cafeteria is not enough students have to eat standing kindly resolve this,Cafeteria / Food,Medium
the notice board at the admin block is never updated please help,Administration,Low
the bus driver does not wait even 1 minute if students are slightly late no one has responded yet,Transport,Medium
the admin office shared my personal information with someone outside the university no one has responded yet,Administration,High
there should be a group discussion room in or near the library i need help with this,Library,Low
notifications on the portal are not working so i keep missing announcements kindly resolve this,IT / Portal,Medium
my scholarship money has not arrived for 2 months and i cant pay rent please help,Administration,High
urgent my visa documents were lost by the admin office and i may face deportation,Administration,High
the deadline for document submission was not announced and i missed it please look into this,Administration,Medium
the lighting in some parts of the library is too dim,Library,Low
the fire alarm in the hostel has never worked since i moved in,Hostel,High
hi class starts on time but the room is always locked and we have to wait outside,Academics / Faculty,Low
study room booking in the library is very unfair some groups book all day no one has responded yet,Library,Medium
my scholarship money has not arrived for 2 months and i cant pay rent kindly resolve this,Administration,High
i enrolled in the wrong section by mistake and cant change it i need help with this,IT / Portal,Medium
name correction request submitted 10 days ago and no update yet please look into this,Administration,Medium
there should be a live tracker for the university bus please look into this,Transport,Low
a teacher threatened to fail me if i told anyone what he said to me need help,Harassment,High
found broken plastic in my rice from the main canteen please look into this,Cafeteria / Food,High
a teacher is forcing students to buy his own book or he deducts marks i need help with this,Academics / Faculty,High
hi office hour timings are not posted anywhere in the department,Academics / Faculty,Low
the waiting area in the admin office has no chairs it has been ignored for too long,Administration,Low
there are rats in my hostel room and they have gotten into my food please help,Hostel,High
there should be a live tracker for the university bus this needs to be fixed,Transport,Low
there is no water in the hostel since yesterday and we cant even wash this needs to be fixed,Hostel,High
the harassment reporting process is too complicated and discourages students it has been ignored for too long,Harassment,Low
a teacher threatened to fail me because i asked a question he didnt like it has been ignored for too long,Academics / Faculty,High
admin office is only open for 2 hours a day which is very inconvenient i need help with this,Administration,Medium
my grade correction request has been pending for over a week,Administration,Medium
the cooking area in the canteen has visible mold and is never cleaned this needs to be fixed,Cafeteria / Food,High
my grade was changed without any reason and i never received an explanation it has been ignored for too long,Academics / Faculty,High
our teacher is always 20 to 30 minutes late to every class this needs to be fixed,Academics / Faculty,Medium
a self checkout machine would make borrowing books much faster this needs to be fixed,Library,Low
the library roof is leaking badly and water is falling on books and computers please help,Library,High
the bus driver was on his phone the entire journey please help,Transport,High
admin office is only open for 2 hours a day which is very inconvenient it has been ignored for too long,Administration,Medium
a student vomited after eating from the cafeteria and went to hospital,Cafeteria / Food,High
my fee receipt is not generating even though payment was successful please help,IT / Portal,Medium
hi it would help if teacher gave feedback on assignments not just a grade,Academics / Faculty,Low
extra bus trips should be added during exams it has been ignored for too long,Transport,Low
there is no clear process explained for how to appeal an exam result please help,Administration,Medium
cold food is being served as if it is freshly cooked kindly resolve this,Cafeteria / Food,Medium
my fee receipt is not generating even though payment was successful i need help with this,IT / Portal,Medium
the teacher changes the quiz date without telling everyone this needs to be fixed,Academics / Faculty,Medium
the online journal access expired and we cant read research papers this needs to be fixed,Library,Medium
teacher is not available during office hours when students need help it has been ignored for too long,Academics / Faculty,Medium
a classmate records me during lectures without my knowledge or permission no one has responded yet,Harassment,Medium
a student is spreading private photos of me without my permission kindly resolve this,Harassment,High
the mid term results were never announced and exams are next week kindly resolve this,Academics / Faculty,Medium
the cafeteria wifi is very weak and doesnt work inside it has been ignored for too long,Cafeteria / Food,Low
found broken plastic in my rice from the main canteen no one has responded yet,Cafeteria / Food,High
the food portions have gotten smaller but the prices are the same it has been ignored for too long,Cafeteria / Food,Medium
my login is being used from another device and i never shared my password please help,IT / Portal,High
the lights in the hostel corridor have been broken for 5 days,Hostel,Medium
there should be a live tracker for the university bus kindly resolve this,Transport,Low
the trash area near the cafeteria is always messy please help,Cafeteria / Food,Low
hi cold food is being served as if it is freshly cooked,Cafeteria / Food,Medium
the cooking area in the canteen has visible mold and is never cleaned please help,Cafeteria / Food,High
hi the forms at the admin office are outdated and confusing,Administration,Low
i am being blackmailed by a senior student and i dont know what to do urgent,Harassment,High
the system wrongly submitted an empty file instead of my actual assignment i need help with this,IT / Portal,High
the admin is demanding money under the table to process my documents it has been ignored for too long,Administration,High
the displayed bus schedule is outdated and confusing it has been ignored for too long,Transport,Low
a group of students physically pushed me near the parking area no one has responded yet,Harassment,High
urgent the driver was clearly not well and was driving in a dangerous manner,Transport,High
the library closes 30 minutes early and students with late classes cant use it please help,Library,Medium
there is no clear information on campus about where to go if harassed please help,Harassment,Low
the admin office shared my personal information with someone outside the university i need help with this,Administration,High
my degree was issued with the wrong name and admin is refusing to correct it it has been ignored for too long,Administration,High
seating in the cafeteria is not enough students have to eat standing,Cafeteria / Food,Medium
a student fainted in the library due to heat and no staff came to help i need help with this,Library,High
someone sent me threatening messages saying they will hurt me if i report them please look into this,Harassment,High
hi curfew rules in the hostel are different for different students unfairly,Hostel,Medium
the transport service was completely cancelled today with no notice please look into this,Transport,High
my teacher failed me on purpose because i complained about him last semester kindly resolve this,Harassment,High
portal has been down since 3 days and i cant check my timetable kindly resolve this,IT / Portal,Medium
hi there is no clear process explained for how to appeal an exam result,Administration,Medium
there should be a clear list of required documents displayed at the office kindly resolve this,Administration,Low
i have a disability and was denied extra time in the exam without reason i need help with this,Academics / Faculty,High
urgent the portal is not opening at all and my project submission closes in 2 hours,IT / Portal,High
the bus was so overcrowded a student fell and got injured this needs to be fixed,Transport,High
hi lecture slides have very small text and are hard to read,Academics / Faculty,Low
cafeteria runs out of food by 1pm and many students are left with nothing,Cafeteria / Food,Medium
the washing machines in the hostel have been broken for a week no one has responded yet,Hostel,Medium
the admin office never replies to emails or picks up the phone it has been ignored for too long,Administration,Medium
there should be a clear list of required documents displayed at the office i need help with this,Administration,Low
there are no anti harassment posters anywhere on campus please help,Harassment,Low
the cafeteria needs more seating especially during lunch time this needs to be fixed,Cafeteria / Food,Low
teacher leaves 30 minutes early and does not finish the lecture,Academics / Faculty,Medium
a teacher is giving better marks to students he likes and ignoring the rest of us i need help with this,Harassment,Medium
my final result shows fail but i passed all my assessments kindly resolve this,Academics / Faculty,High
a teacher made inappropriate comments about my appearance in front of the class i need help with this,Harassment,High
my account got hacked and someone changed my password i cant login it has been ignored for too long,IT / Portal,High
there should be more interaction in class instead of only lecture delivery no one has responded yet,Academics / Faculty,Low
i got locked out of my account and the reset email is not coming this needs to be fixed,IT / Portal,High
canteen staff are rude and dismissive when students have complaints please help,Cafeteria / Food,Medium
the library system deleted all my saved research and thesis deadline is tomorrow no one has responded yet,Library,High
multiple students got sick after eating from the hostel canteen yesterday please help,Cafeteria / Food,High
the library does not have enough copies of the books on the recommended list,Library,Medium
i reported bullying last week but no one has followed up with me no one has responded yet,Harassment,Medium
the cafeteria wifi is very weak and doesnt work inside this needs to be fixed,Cafeteria / Food,Low
my thesis supervisor disappeared and is not responding since 3 weeks it has been ignored for too long,Academics / Faculty,High
a student vomited after eating from the cafeteria and went to hospital it has been ignored for too long,Cafeteria / Food,High
the ac in the library has not worked for a week its too hot to study please help,Library,Medium
my exam registration was rejected with no reason and finals are next week it has been ignored for too long,Administration,High
it would help if admin sent updates when documents are ready for pickup i need help with this,Administration,Low
i cant update my phone number on the portal profile no one has responded yet,IT / Portal,Low
it would help to have the cleaning schedule posted in the hostel,Hostel,Low
the admin staff gave me wrong information about the document requirements no one has responded yet,Administration,Medium
multiple students got sick after eating from the hostel canteen yesterday no one has responded yet,Cafeteria / Food,High
the displayed bus schedule is outdated and confusing this needs to be fixed,Transport,Low
there should be a student support group for people who face bullying kindly resolve this,Harassment,Low
the lms keeps logging me out every few minutes no one has responded yet,IT / Portal,Medium
the canteen should offer a student discount card it has been ignored for too long,Cafeteria / Food,Low
hi no halal options are available at the main cafeteria,Cafeteria / Food,Medium
there is raw sewage overflowing in the hostel bathroom area no one has responded yet,Hostel,High
lecture slides are uploaded after the class not before which is not helpful,Academics / Faculty,Medium
it would be nice if the teacher held an extra revision session before exams i need help with this,Academics / Faculty,Low
the brakes of the university van made a loud noise and felt like they failed i need help with this,Transport,High
teacher has been absent for 2 weeks and no replacement has been arranged kindly resolve this,Academics / Faculty,High
hi the library closes 30 minutes early and students with late classes cant use it,Library,Medium
i cant register for finals because the system keeps showing an error please look into this,IT / Portal,High
the lms keeps logging me out every few minutes i need help with this,IT / Portal,Medium
there are not enough bathrooms for the number of students in the hostel kindly resolve this,Hostel,Medium
urgent there has been no electricity in my hostel block for 2 days,Hostel,High
a digital display near the library entrance showing available books would help no one has responded yet,Library,Low
the cafeteria wifi is very weak and doesnt work inside kindly resolve this,Cafeteria / Food,Low
the cafeteria needs better lighting it is too dim inside please look into this,Cafeteria / Food,Low
a self checkout machine would make borrowing books much faster,Library,Low
there is no way to track the status of a complaint on the portal i need help with this,IT / Portal,Low
i need a bonafide letter urgently but the office says it will take 2 weeks please look into this,Administration,Medium
there should be a suggestion box at the cafeteria for feedback kindly resolve this,Cafeteria / Food,Low
the library notice board is very cluttered and hard to read,Library,Low
ac in the university bus has not worked for a week i need help with this,Transport,Medium
teacher covers too much in one class and does not check if we understand i need help with this,Academics / Faculty,Medium
the portal design is very confusing and hard to navigate kindly resolve this,IT / Portal,Low
urgent i received racist abuse from a classmate and when i reported it nothing happened,Harassment,High
some seniors talk down to juniors and it creates a bad environment this needs to be fixed,Harassment,Low
extra bus trips should be added during exams this needs to be fixed,Transport,Low
a complaint or feedback option for transport would be useful no one has responded yet,Transport,Low
the library closes 30 minutes early and students with late classes cant use it please look into this,Library,Medium
more variety of books related to our new courses should be added kindly resolve this,Library,Low
urgent my assignment marks were given to the wrong student in the system,Academics / Faculty,High
more charging points are needed in the library please look into this,Library,Low
my exam registration was rejected with no reason and finals are next week no one has responded yet,Administration,High
the harassment reporting process is too complicated and discourages students this needs to be fixed,Harassment,Low
the portal doesnt work on my phone at all only on laptop kindly resolve this,IT / Portal,Medium
the queue at the admin office is very disorganized this needs to be fixed,Administration,Low
there should be a clear list of required documents displayed at the office please look into this,Administration,Low
the exam portal crashed during my online test and my answers were lost kindly resolve this,IT / Portal,High
hi the driver was clearly not well and was driving in a dangerous manner,Transport,High
my enrollment was cancelled without any warning and i found out from a friend please help,Administration,High
there should be a group discussion room in or near the library no one has responded yet,Library,Low
the wrong exam was given to our class and our result is now in question it has been ignored for too long,Academics / Faculty,High
a student was threatened by the driver when she complained about his driving i need help with this,Transport,High
teacher is not available during office hours when students need help no one has responded yet,Academics / Faculty,Medium
bus timings during exams were changed and students missed the paper kindly resolve this,Transport,Medium
my scholarship money has not arrived for 2 months and i cant pay rent i need help with this,Administration,High
a bicycle parking area near the bus stop would be convenient please help,Transport,Low
the bus was so overcrowded a student fell and got injured kindly resolve this,Transport,High
it would be nice if the canteen had a quiet section for eating alone please help,Cafeteria / Food,Low
not enough seats in the library during exam season kindly resolve this,Library,Medium
a senior student has been threatening me and i am scared to come to campus please look into this,Harassment,High
the food being served is clearly expired the packaging dates were scratched off no one has responded yet,Cafeteria / Food,High
hi the bus driver does not wait even 1 minute if students are slightly late,Transport,Medium
the portal should show which assignments have been graded already please look into this,IT / Portal,Low
someone else is logged into my student account and i dont know how please look into this,IT / Portal,High
the library emergency exit is locked from the outside which is dangerous please look into this,Library,High
there should be a student support group for people who face bullying please help,Harassment,Low
there should be a reminder system for book return deadlines,Library,Low
hostel wifi goes off every night and i cant study this needs to be fixed,Hostel,Medium
search on the portal is not useful it never finds what i need kindly resolve this,IT / Portal,Low
urgent the exam portal crashed during my online test and my answers were lost,IT / Portal,High
the cooking area in the canteen has visible mold and is never cleaned kindly resolve this,Cafeteria / Food,High
hi i was wrongly charged double fees and the finance office is not responding,Administration,High
my hostel room was given to someone else while my stuff was still in it please help,Hostel,Medium
there should be a student support group for people who face bullying no one has responded yet,Harassment,Low
extra bus trips should be added during exams please look into this,Transport,Low
the library should offer headphone rentals for students,Library,Low
it would be helpful if lectures were recorded for revision i need help with this,Academics / Faculty,Low
the printer in the library has been broken for 5 days it has been ignored for too long,Library,Medium
teacher covers too much in one class and does not check if we understand this needs to be fixed,Academics / Faculty,Medium
the pick up point near block a is too far for students with heavy bags,Transport,Low
admin should clearly display how long each process takes kindly resolve this,Administration,Low
the admin staff gave me wrong information about the document requirements i need help with this,Administration,Medium
students should be allowed to have a small personal fridge in the room,Hostel,Low
the bus broke down at night in an empty area and we were stranded please look into this,Transport,High
hi students are not informed when a bus trip is cancelled that day,Transport,Medium
i saw sparks coming out of the electrical socket in my hostel room i need help with this,Hostel,High
my final year project file saved on the library computer was completely wiped please look into this,Library,High
my friend has a nut allergy and the food was mislabeled and she had a reaction it has been ignored for too long,Cafeteria / Food,High
students are not informed when a bus trip is cancelled that day,Transport,Medium
my fee receipt is not generating even though payment was successful it has been ignored for too long,IT / Portal,Medium
a grab and go option would be useful for students between classes,Cafeteria / Food,Low
the admin office staff should be trained to be more helpful to students please help,Administration,Low
a rat was seen running across the food counter in the cafeteria this needs to be fixed,Cafeteria / Food,High
extra bus trips should be added during exams please help,Transport,Low
cafeteria closes 30 minutes early and students with late classes go hungry it has been ignored for too long,Cafeteria / Food,Medium
the queue system at the canteen is very unorganized,Cafeteria / Food,Low
i submitted my assignment but the portal shows it as missing i need help with this,IT / Portal,Medium
not enough seats in the library during exam season this needs to be fixed,Library,Medium
i was robbed inside the library and the security cameras were not on this needs to be fixed,Library,High
a teacher threatened to fail me because i asked a question he didnt like,Academics / Faculty,High
my grade correction request has been pending for over a week please help,Administration,Medium
mold is growing on the walls of my hostel room and i have breathing problems it has been ignored for too long,Hostel,High
the bus stop near the hostel has no shade or shelter no one has responded yet,Transport,Low
i cant upload my assignment the file size limit is too low kindly resolve this,IT / Portal,Medium
the hostel rules should be clearly posted somewhere visible please help,Hostel,Low
the notice board in the hostel has very old information on it kindly resolve this,Hostel,Low
we are being tested on topics that were never taught in class this needs to be fixed,Academics / Faculty,Medium
chunks of the library ceiling fell onto the study tables this morning kindly resolve this,Library,High
my fee payment is confirmed but the system still shows outstanding balance please help,Administration,Medium
the system wrongly submitted an empty file instead of my actual assignment this needs to be fixed,IT / Portal,High
attendance on the portal doesnt match what the teacher marked it has been ignored for too long,IT / Portal,Medium
someone is spreading false rumors about me in the department please help,Harassment,Medium
a digital display near the library entrance showing available books would help please look into this,Library,Low
hi the portal logs out automatically even during active use,IT / Portal,Low
the book i need is always marked as available but i can never find it this needs to be fixed,Library,Medium
the admin staff gave me wrong information about the document requirements kindly resolve this,Administration,Medium
the online journal access expired and we cant read research papers,Library,Medium
the portal is not opening at all and my project submission closes in 2 hours please help,IT / Portal,High
i was suspended wrongly and the admin office is not responding to my emails kindly resolve this,Administration,High
the ac in the library has not worked for a week its too hot to study kindly resolve this,Library,Medium
admin office lost my original certificates that i submitted last month kindly resolve this,Administration,High
some seniors talk down to juniors and it creates a bad environment i need help with this,Harassment,Low
i was beaten by three students near the hostel and security did nothing,Harassment,High
i saw sparks coming out of the electrical socket in my hostel room,Hostel,High
the canteen is very unhygienic tables are never wiped between customers kindly resolve this,Cafeteria / Food,Medium
extra bus trips should be added during exams kindly resolve this,Transport,Low
cold food is being served as if it is freshly cooked please help,Cafeteria / Food,Medium
ac in the university bus has not worked for a week please look into this,Transport,Medium
the printer in the library has been broken for 5 days i need help with this,Library,Medium
teacher hasnt returned our assignments for over a week no one has responded yet,Academics / Faculty,Medium
a teacher is giving better marks to students he likes and ignoring the rest of us please look into this,Harassment,Medium
the displayed bus schedule is outdated and confusing please help,Transport,Low
a senior student has been threatening me and i am scared to come to campus kindly resolve this,Harassment,High
bus arrives 40 minutes late every single day,Transport,Medium
urgent i saw sparks coming out of the electrical socket in my hostel room,Hostel,High
there should be a dedicated quiet study area in the hostel this needs to be fixed,Hostel,Low
i enrolled in the wrong section by mistake and cant change it it has been ignored for too long,IT / Portal,Medium
there should be a student support group for people who face bullying,Harassment,Low
teacher does not respond to emails even after several days it has been ignored for too long,Academics / Faculty,Medium
more charging points are needed in the library this needs to be fixed,Library,Low
the printer in the library has been broken for 5 days kindly resolve this,Library,Medium
a teacher is forcing students to buy his own book or he deducts marks this needs to be fixed,Academics / Faculty,High
the library roof is leaking badly and water is falling on books and computers kindly resolve this,Library,High
the canteen should offer a student discount card please look into this,Cafeteria / Food,Low
there are no anti harassment posters anywhere on campus this needs to be fixed,Harassment,Low
chunks of the library ceiling fell onto the study tables this morning,Library,High
it would be helpful if we could track the status of submitted requests online please help,Administration,Low
i enrolled in the wrong section by mistake and cant change it kindly resolve this,IT / Portal,Medium
it would help if bus cancellations were announced on the portal,Transport,Low
hi the library notice board is very cluttered and hard to read,Library,Low
hi a senior student keeps pressuring me to do things i am not comfortable with,Harassment,Medium
the queue system at the canteen is very unorganized please help,Cafeteria / Food,Low
the library does not have enough copies of the books on the recommended list please help,Library,Medium
teacher leaves 30 minutes early and does not finish the lecture kindly resolve this,Academics / Faculty,Medium
hi there are not enough bathrooms for the number of students in the hostel,Hostel,Medium
students in the common room are very loud and disrespectful to others it has been ignored for too long,Harassment,Low
the hostel common room has no working fans during summer,Hostel,Medium
there is no way to track the status of a complaint on the portal,IT / Portal,Low
my fee payment is confirmed but the system still shows outstanding balance no one has responded yet,Administration,Medium
the waiting area in the admin office has no chairs please look into this,Administration,Low
teacher covers too much in one class and does not check if we understand kindly resolve this,Academics / Faculty,Medium
the portal is very slow and takes forever to load any page i need help with this,IT / Portal,Medium
i ate from the cafeteria and got food poisoning i am in the medical room now no one has responded yet,Cafeteria / Food,High
the bus driver was on his phone the entire journey,Transport,High
a grab and go option would be useful for students between classes please help,Cafeteria / Food,Low
the portal should let us download our timetable as a pdf no one has responded yet,IT / Portal,Low
the van service was reduced from 3 trips to 1 without telling anyone please look into this,Transport,Medium
hi seating in the cafeteria is not enough students have to eat standing,Cafeteria / Food,Medium
urgent a student is spreading private photos of me without my permission,Harassment,High
a student is spreading private photos of me without my permission,Harassment,High
the library emergency exit is locked from the outside which is dangerous i need help with this,Library,High
someone keeps leaving offensive notes on my desk anonymously please help,Harassment,Medium
the portal shows wrong grades for two of my subjects no one has responded yet,IT / Portal,Medium
the forms at the admin office are outdated and confusing,Administration,Low
i cant update my phone number on the portal profile please look into this,IT / Portal,Low
more power sockets are needed in the hostel rooms this needs to be fixed,Hostel,Low
the food portions have gotten smaller but the prices are the same no one has responded yet,Cafeteria / Food,Medium
the portal logs out automatically even during active use no one has responded yet,IT / Portal,Low
students should be allowed to have a small personal fridge in the room please look into this,Hostel,Low
i was robbed inside the library and the security cameras were not on kindly resolve this,Library,High
library computers are very slow and keep crashing please help,Library,Medium
hi a bicycle parking area near the bus stop would be convenient,Transport,Low
library has been closed for 4 days without telling students why please help,Library,Medium
name correction request submitted 10 days ago and no update yet,Administration,Medium
a complaint or feedback option for transport would be useful please look into this,Transport,Low
the hostel entrance light is broken and it gets dark at night no one has responded yet,Hostel,Low
a classmate keeps making fun of me in front of everyone and it wont stop it has been ignored for too long,Harassment,Medium
i was robbed inside the library and the security cameras were not on please help,Library,High
hi cafeteria closes 30 minutes early and students with late classes go hungry,Cafeteria / Food,Medium
the bus is always too full and students are left behind at the stop please help,Transport,Medium
the portal design is very confusing and hard to navigate it has been ignored for too long,IT / Portal,Low
hi the syllabus was never shared at the start of the semester,Academics / Faculty,Medium
portal is down and i cant submit my assignment the deadline is today no one has responded yet,IT / Portal,High
my fee receipt is not generating even though payment was successful please look into this,IT / Portal,Medium
there should be more interaction in class instead of only lecture delivery please look into this,Academics / Faculty,Low
hi a self checkout machine would make borrowing books much faster,Library,Low
hi the trash area near the cafeteria is always messy,Cafeteria / Food,Low
the schedule shown at the stop does not match the actual timings please help,Transport,Medium
the bus route was changed and we were not informed please help,Transport,Medium
the library does not have enough copies of the books on the recommended list please look into this,Library,Medium
no hot water in the hostel for the past 4 days kindly resolve this,Hostel,Medium
hi the washing machines in the hostel have been broken for a week,Hostel,Medium
hi the bus has no working seatbelts and students are at risk,Transport,High
hi a student in my hostel is threatening me and the warden is not helping,Hostel,High
my final year project file saved on the library computer was completely wiped i need help with this,Library,High
hi i want to know what the university policy is if someone harasses a student,Harassment,Low
urgent the bus driver was on his phone the entire journey,Transport,High
the admin staff gave me wrong information about the document requirements this needs to be fixed,Administration,Medium
the displayed bus schedule is outdated and confusing i need help with this,Transport,Low
the hostel roof is leaking heavily and my belongings are getting damaged it has been ignored for too long,Hostel,High
library wifi keeps disconnecting every few minutes i need help with this,Library,Medium
bus arrives 40 minutes late every single day kindly resolve this,Transport,Medium
the bus should have a designated seat for students with disabilities this needs to be fixed,Transport,Low
the hostel common room has no working fans during summer kindly resolve this,Hostel,Medium
the syllabus was never shared at the start of the semester please look into this,Academics / Faculty,Medium
library staff are not helpful when students ask for assistance finding books this needs to be fixed,Library,Medium
hi mold is growing on the walls of my hostel room and i have breathing problems,Hostel,High
urgent the library has had no electricity for 2 days and all digital access is gone,Library,High
bus seats are very uncomfortable and need to be replaced it has been ignored for too long,Transport,Low
a female student was touched inappropriately by a staff member in the corridor this needs to be fixed,Harassment,High
teacher does not respond to emails even after several days kindly resolve this,Academics / Faculty,Medium
hi a small study table in each hostel room would be very helpful,Hostel,Low
students should be allowed to have a small personal fridge in the room kindly resolve this,Hostel,Low
it would help if teacher gave feedback on assignments not just a grade no one has responded yet,Academics / Faculty,Low
the hostel common room has no working fans during summer this needs to be fixed,Hostel,Medium
the fire alarm in the hostel has never worked since i moved in please look into this,Hostel,High
the cafeteria needs better lighting it is too dim inside it has been ignored for too long,Cafeteria / Food,Low
we have had no teacher for this subject for the past 5 days it has been ignored for too long,Academics / Faculty,Medium
we have had no teacher for this subject for the past 5 days please help,Academics / Faculty,Medium
hi there has been no electricity in my hostel block for 2 days,Hostel,High
hi hostel room was given to two students and there is a conflict,Hostel,Medium
my hostel room was given to someone else while my stuff was still in it no one has responded yet,Hostel,Medium
the hostel roof is leaking heavily and my belongings are getting damaged,Hostel,High
more variety of books related to our new courses should be added it has been ignored for too long,Library,Low
a student in my hostel is threatening me and the warden is not helping i need help with this,Hostel,High
the transport service was completely cancelled today with no notice please help,Transport,High
curfew rules in the hostel are different for different students unfairly please look into this,Hostel,Medium
the bus was so overcrowded a student fell and got injured it has been ignored for too long,Transport,High
the bus driver doesnt announce stops so new students get confused,Transport,Low
the lights in the hostel corridor have been broken for 5 days no one has responded yet,Hostel,Medium
the lighting in some parts of the library is too dim this needs to be fixed,Library,Low
library wifi keeps disconnecting every few minutes please look into this,Library,Medium
ac in the university bus has not worked for a week please help,Transport,Medium
the library closes 30 minutes early and students with late classes cant use it i need help with this,Library,Medium
the cooking area in the canteen has visible mold and is never cleaned please look into this,Cafeteria / Food,High
teacher hasnt returned our assignments for over a week it has been ignored for too long,Academics / Faculty,Medium
i was suspended wrongly and the admin office is not responding to my emails it has been ignored for too long,Administration,High
library staff are not helpful when students ask for assistance finding books please look into this,Library,Medium
i was accused of cheating but i didnt cheat and no investigation was done please look into this,Academics / Faculty,High
lecture slides have very small text and are hard to read,Academics / Faculty,Low
the wrong exam was given to our class and our result is now in question please look into this,Academics / Faculty,High
the admin office never replies to emails or picks up the phone please look into this,Administration,Medium
there is raw sewage overflowing in the hostel bathroom area i need help with this,Hostel,High
bus seats are very uncomfortable and need to be replaced kindly resolve this,Transport,Low
office hours should be extended at least during exam registration period,Administration,Low
teacher has been absent for 2 weeks and no replacement has been arranged,Academics / Faculty,High
i was marked as expelled by mistake and i have not been to any hearing it has been ignored for too long,Administration,High
i have a disability and was denied extra time in the exam without reason,Academics / Faculty,High
the forms at the admin office are outdated and confusing it has been ignored for too long,Administration,Low
it would help if bus cancellations were announced on the portal no one has responded yet,Transport,Low
the kitchen staff are not wearing gloves and touching food with bare hands,Cafeteria / Food,High
hi the printer in the library has been broken for 5 days,Library,Medium
it would help to have the cleaning schedule posted in the hostel please help,Hostel,Low
there are no anti harassment posters anywhere on campus i need help with this,Harassment,Low
hi i was robbed inside the library and the security cameras were not on,Library,High
the portal doesnt work on my phone at all only on laptop please look into this,IT / Portal,Medium
my enrollment was cancelled without any warning and i found out from a friend kindly resolve this,Administration,High
the wrong exam was given to our class and our result is now in question this needs to be fixed,Academics / Faculty,High
the water coming from the tap in the hostel is brown and smells bad kindly resolve this,Hostel,High
teacher gives assignments without clear instructions on what is expected please help,Academics / Faculty,Low
prices went up suddenly with no notice and no explanation this needs to be fixed,Cafeteria / Food,Medium
the bus skips our stop sometimes without any explanation this needs to be fixed,Transport,Medium
it would help if bus cancellations were announced on the portal kindly resolve this,Transport,Low
more power sockets are needed in the hostel rooms please help,Hostel,Low
prices went up suddenly with no notice and no explanation please help,Cafeteria / Food,Medium
the bus is always too full and students are left behind at the stop please look into this,Transport,Medium
my enrollment was cancelled without any warning and i found out from a friend please look into this,Administration,High
search on the portal is not useful it never finds what i need,IT / Portal,Low
someone is spreading false rumors about me in the department kindly resolve this,Harassment,Medium
the kitchen staff are not wearing gloves and touching food with bare hands it has been ignored for too long,Cafeteria / Food,High
canteen staff are rude and dismissive when students have complaints,Cafeteria / Food,Medium
i feel discriminated against by a teacher based on where i am from please look into this,Harassment,Medium
found a cockroach inside my food at the canteen,Cafeteria / Food,High
hi the book i need is always marked as available but i can never find it,Library,Medium
admin should clearly display how long each process takes it has been ignored for too long,Administration,Low
my degree was issued with the wrong name and admin is refusing to correct it no one has responded yet,Administration,High
hi a student fainted in the library due to heat and no staff came to help,Library,High
teacher does not respond to emails even after several days no one has responded yet,Academics / Faculty,Medium
hi the ac in the library has not worked for a week its too hot to study,Library,Medium
the mid term results were never announced and exams are next week,Academics / Faculty,Medium
i was robbed inside the library and the security cameras were not on,Library,High
the cafeteria menu should have more variety it has been ignored for too long,Cafeteria / Food,Low
the transport service was completely cancelled today with no notice this needs to be fixed,Transport,High
lecture slides have very small text and are hard to read kindly resolve this,Academics / Faculty,Low
teacher uses very old examples that are not relevant to current topics please look into this,Academics / Faculty,Low
the portal shows wrong grades for two of my subjects this needs to be fixed,IT / Portal,Medium
the kitchen staff are not wearing gloves and touching food with bare hands i need help with this,Cafeteria / Food,High
the library has had no electricity for 2 days and all digital access is gone it has been ignored for too long,Library,High
hi the schedule shown at the stop does not match the actual timings,Transport,Medium
i reported bullying last week but no one has followed up with me,Harassment,Medium
teacher has been absent for 2 weeks and no replacement has been arranged no one has responded yet,Academics / Faculty,High
i was marked as expelled by mistake and i have not been to any hearing i need help with this,Administration,High
i was wrongly charged double fees and the finance office is not responding it has been ignored for too long,Administration,High
the cafeteria wifi is very weak and doesnt work inside please look into this,Cafeteria / Food,Low
a rat was seen running across the food counter in the cafeteria no one has responded yet,Cafeteria / Food,High
there should be a mobile app for the student portal no one has responded yet,IT / Portal,Low
the lms keeps logging me out every few minutes please look into this,IT / Portal,Medium
i was marked as expelled by mistake and i have not been to any hearing please help,Administration,High
my account got hacked and someone changed my password i cant login kindly resolve this,IT / Portal,High
urgent i missed a job application because the admin office delayed my transcript for 3 weeks,Administration,High
hi i cant update my phone number on the portal profile,IT / Portal,Low
the driver drives through red signals and students are scared to speak up i need help with this,Transport,High
the library was locked during announced open hours and students had no access this needs to be fixed,Library,High
my group members are excluding me from everything and not sharing project work please look into this,Harassment,Medium
hi my teacher failed me on purpose because i complained about him last semester,Harassment,High
some students use offensive language in class and it makes me uncomfortable this needs to be fixed,Harassment,Low
a bicycle parking area near the bus stop would be convenient no one has responded yet,Transport,Low
my roommate in the hostel is constantly harassing me and the warden ignores it kindly resolve this,Harassment,Medium
we have had no teacher for this subject for the past 5 days kindly resolve this,Academics / Faculty,Medium
the bus has no working seatbelts and students are at risk this needs to be fixed,Transport,High
hi the queue at the admin office is very disorganized,Administration,Low
my course enrollment shows errors but admin says they cant fix it now please help,Administration,Medium
urgent a female student was harassed by the van driver and she is scared,Transport,High
the mid term results were never announced and exams are next week please help,Academics / Faculty,Medium
hi the deadline for document submission was not announced and i missed it,Administration,Medium
my hostel room was given to someone else while my stuff was still in it it has been ignored for too long,Hostel,Medium
a teacher shared the exam paper with some students before the test this needs to be fixed,Academics / Faculty,High
library has been closed for 4 days without telling students why it has been ignored for too long,Library,Medium
the portal is not opening at all and my project submission closes in 2 hours this needs to be fixed,IT / Portal,High
the book i need is always marked as available but i can never find it kindly resolve this,Library,Medium
hi the exam portal crashed during my online test and my answers were lost,IT / Portal,High
the waiting area in the admin office has no chairs please help,Administration,Low
i was suspended wrongly and the admin office is not responding to my emails i need help with this,Administration,High
hi some students use offensive language in class and it makes me uncomfortable,Harassment,Low
someone keeps leaving offensive notes on my desk anonymously i need help with this,Harassment,Medium
hi there should be a mobile app for the student portal,IT / Portal,Low
my friend has a nut allergy and the food was mislabeled and she had a reaction this needs to be fixed,Cafeteria / Food,High
the portal should let us download our timetable as a pdf it has been ignored for too long,IT / Portal,Low
hi found a cockroach inside my food at the canteen,Cafeteria / Food,High
urgent my degree was issued with the wrong name and admin is refusing to correct it,Administration,High
no halal options are available at the main cafeteria,Cafeteria / Food,Medium
a classmate records me during lectures without my knowledge or permission,Harassment,Medium
i was robbed inside the library and the security cameras were not on i need help with this,Library,High
the course outline on the portal does not match what is being taught this needs to be fixed,Academics / Faculty,Low
my final year project file saved on the library computer was completely wiped kindly resolve this,Library,High
my teacher failed me on purpose because i complained about him last semester please look into this,Harassment,High
extra bus trips should be added during exams,Transport,Low
my scholarship money has not arrived for 2 months and i cant pay rent this needs to be fixed,Administration,High
urgent there is raw sewage overflowing in the hostel bathroom area,Hostel,High
my final year project file saved on the library computer was completely wiped no one has responded yet,Library,High
the paint in the hostel rooms is very old and peeling please help,Hostel,Low
there is no clear information on campus about where to go if harassed it has been ignored for too long,Harassment,Low
the notice board in the hostel has very old information on it need help,Hostel,Low
hi my friend has a nut allergy and the food was mislabeled and she had a reaction,Cafeteria / Food,High
the book i need is always marked as available but i can never find it i need help with this,Library,Medium
a teacher threatened to fail me if i told anyone what he said to me this needs to be fixed,Harassment,High
the cafeteria wifi is very weak and doesnt work inside no one has responded yet,Cafeteria / Food,Low
the portal should have a dark mode option it has been ignored for too long,IT / Portal,Low
the portal doesnt work on my phone at all only on laptop no one has responded yet,IT / Portal,Medium
the bus skips our stop sometimes without any explanation kindly resolve this,Transport,Medium
hi the course outline on the portal does not match what is being taught,Academics / Faculty,Low
a classmate keeps making fun of me in front of everyone and it wont stop i need help with this,Harassment,Medium
teacher should use more examples to explain difficult topics,Academics / Faculty,Low
the driver was clearly not well and was driving in a dangerous manner no one has responded yet,Transport,High
library has been closed for 4 days without telling students why kindly resolve this,Library,Medium
there is toxic mold in the library reading room and students are coughing no one has responded yet,Library,High
hi i need a bonafide letter urgently but the office says it will take 2 weeks,Administration,Medium
a teacher is forcing students to buy his own book or he deducts marks no one has responded yet,Academics / Faculty,High
the hostel common room needs better furniture this needs to be fixed,Hostel,Low
i missed a job application because the admin office delayed my transcript for 3 weeks no one has responded yet,Administration,High
i was marked as expelled by mistake and i have not been to any hearing kindly resolve this,Administration,High
the hostel rules should be clearly posted somewhere visible this needs to be fixed,Hostel,Low
library staff are not helpful when students ask for assistance finding books kindly resolve this,Library,Medium
the schedule shown at the stop does not match the actual timings,Transport,Medium
my course enrollment shows errors but admin says they cant fix it now please look into this,Administration,Medium
search on the portal is not useful it never finds what i need it has been ignored for too long,IT / Portal,Low
my login is being used from another device and i never shared my password please look into this,IT / Portal,High
i ate from the cafeteria and got food poisoning i am in the medical room now,Cafeteria / Food,High
my final result shows fail but i passed all my assessments,Academics / Faculty,High
more storage space is needed in the hostel rooms please help,Hostel,Low
students should be allowed to have a small personal fridge in the room this needs to be fixed,Hostel,Low
the library notice board is very cluttered and hard to read it has been ignored for too long,Library,Low
the hostel generator doesnt turn on during load shedding no one has responded yet,Hostel,Medium
hi i cant upload my assignment the file size limit is too low,IT / Portal,Medium
hi the hostel common room has no working fans during summer,Hostel,Medium
there are no vegetarian options available at the cafeteria kindly resolve this,Cafeteria / Food,Medium
my thesis supervisor disappeared and is not responding since 3 weeks no one has responded yet,Academics / Faculty,High
the washing machines in the hostel have been broken for a week,Hostel,Medium
a rat was seen running across the food counter in the cafeteria i need help with this,Cafeteria / Food,High
the font on the portal is too small and hard to read no one has responded yet,IT / Portal,Low
the portal deleted my submitted assignment and now its showing not submitted,IT / Portal,High
hi someone sent me threatening messages saying they will hurt me if i report them,Harassment,High
the teacher changes the quiz date without telling everyone please help,Academics / Faculty,Medium
i reported bullying last week but no one has followed up with me please look into this,Harassment,Medium
hi i saw sparks coming out of the electrical socket in my hostel room,Hostel,High
hi it would be helpful if the portal showed assignment deadlines on the home page,IT / Portal,Low
no halal options are available at the main cafeteria this needs to be fixed,Cafeteria / Food,Medium
i cant register for finals because the system keeps showing an error please help,IT / Portal,High
teacher is not available during office hours when students need help please look into this,Academics / Faculty,Medium
library wifi keeps disconnecting every few minutes,Library,Medium
the bus was so overcrowded a student fell and got injured please look into this,Transport,High
hi name correction request submitted 10 days ago and no update yet,Administration,Medium
urgent the bus broke down at night in an empty area and we were stranded,Transport,High
cold food is being served as if it is freshly cooked i need help with this,Cafeteria / Food,Medium
there are rats in my hostel room and they have gotten into my food kindly resolve this,Hostel,High
the van service was reduced from 3 trips to 1 without telling anyone,Transport,Medium
the printer in the library has been broken for 5 days please help,Library,Medium
hi teacher has been absent for 2 weeks and no replacement has been arranged,Academics / Faculty,High
a digital display near the library entrance showing available books would help i need help with this,Library,Low
the course outline on the portal does not match what is being taught,Academics / Faculty,Low
the queue system at the canteen is very unorganized i need help with this,Cafeteria / Food,Low
i cant update my phone number on the portal profile kindly resolve this,IT / Portal,Low
there was a small fire near the library electrical board and no one responded please look into this,Library,High
the cafeteria wifi is very weak and doesnt work inside,Cafeteria / Food,Low
teacher gives assignments without clear instructions on what is expected please look into this,Academics / Faculty,Low
the driver was clearly not well and was driving in a dangerous manner please look into this,Transport,High
the bus timings should be adjusted to match the late class schedules kindly resolve this,Transport,Low
a teacher threatened to fail me because i asked a question he didnt like i need help with this,Academics / Faculty,High
hi my fee payment is confirmed but the system still shows outstanding balance,Administration,Medium
the harassment reporting process is too complicated and discourages students,Harassment,Low
bus arrives 40 minutes late every single day it has been ignored for too long,Transport,Medium
prices went up suddenly with no notice and no explanation no one has responded yet,Cafeteria / Food,Medium
multiple students got sick after eating from the hostel canteen yesterday it has been ignored for too long,Cafeteria / Food,High
a group of students physically pushed me near the parking area please help,Harassment,High
urgent my login is being used from another device and i never shared my password,IT / Portal,High
curfew rules in the hostel are different for different students unfairly kindly resolve this,Hostel,Medium
hi some seniors talk down to juniors and it creates a bad environment,Harassment,Low
there should be a clear list of required documents displayed at the office,Administration,Low
i am being blackmailed by a senior student and i dont know what to do no one has responded yet,Harassment,High
the cafeteria wifi is very weak and doesnt work inside please help,Cafeteria / Food,Low
the admin office should have a separate window for urgent requests i need help with this,Administration,Low
someone keeps leaving offensive notes on my desk anonymously,Harassment,Medium
the meat served today smelled bad and looked discolored please look into this,Cafeteria / Food,High
the hostel guest sign in process takes too long this needs to be fixed,Hostel,Low
a student was threatened by the driver when she complained about his driving no one has responded yet,Transport,High
i feel discriminated against by a teacher based on where i am from no one has responded yet,Harassment,Medium
found a cockroach inside my food at the canteen this needs to be fixed,Cafeteria / Food,High
no hot water in the hostel for the past 4 days please help,Hostel,Medium
the displayed bus schedule is outdated and confusing kindly resolve this,Transport,Low
the portal is very slow and takes forever to load any page please look into this,IT / Portal,Medium
the pick up point near block a is too far for students with heavy bags this needs to be fixed,Transport,Low
cafeteria runs out of food by 1pm and many students are left with nothing it has been ignored for too long,Cafeteria / Food,Medium
name correction request submitted 10 days ago and no update yet this needs to be fixed,Administration,Medium
hostel room was given to two students and there is a conflict this needs to be fixed,Hostel,Medium
the portal keeps saying session expired even when i just logged in it has been ignored for too long,IT / Portal,Medium
more storage space is needed in the hostel rooms please look into this,Hostel,Low
i am being stalked by a classmate and he waits outside my class every day this needs to be fixed,Harassment,High
the notice board at the admin block is never updated,Administration,Low
there should be an anonymous way to report harassment on campus no one has responded yet,Harassment,Low
the portal shows wrong grades for two of my subjects it has been ignored for too long,IT / Portal,Medium
the bus route was changed and we were not informed this needs to be fixed,Transport,Medium
hi admin office lost my original certificates that i submitted last month,Administration,High
the bus stop near the hostel has no shade or shelter please look into this,Transport,Low
there is no clear process explained for how to appeal an exam result please look into this,Administration,Medium
name correction request submitted 10 days ago and no update yet no one has responded yet,Administration,Medium
there has been no electricity in my hostel block for 2 days it has been ignored for too long,Hostel,High
the canteen near block b is always closed even during official hours please help,Cafeteria / Food,Medium
more storage space is needed in the hostel rooms this needs to be fixed,Hostel,Low
my course enrollment shows errors but admin says they cant fix it now,Administration,Medium
